"node","BC","editMutation","cellNum","nodeLabel","sample"
615,"BC_GATCACACACGACCTG","A100C,A240C,C401T,A523C,A873C,A933C,A947C,A1023C,G1101A,A1231C,C1345T",1,"BC_GATCACACACGACCTG","HSC_B7"
502,"BC_GAGTCATCAGCATGCC","A1023G,C1059T,A1135C",1,"BC_GAGTCATCAGCATGCC","HSC_B7"
574,"BC_TACCCACGTATCCCTC","A1023G,C1345A",1,"BC_TACCCACGTATCCCTC","HSC_B7"
236,"BC_GGCACGTGTCGAATTC","A115C,C634T,C638T,G640A,G820A,G1112A,G1125A,G1126A,C1345T",1,"BC_GGCACGTGTCGAATTC","HSC_B7"
654,"BC_CATCCCATCACCGACG","A115G,G1101A,C1345T",1,"BC_CATCCCATCACCGACG","HSC_B7"
343,"BC_TTCAATCTCTGAATCG","A116C,A134C,A156C,A319C,C461T,A551C,C575T,C578T,G595A,A604C,A633C,A706C,A726C,A732C,C746T,C756T,C758T,C819T,A848C,C1001T,A1042C,A1089C,A1337C",1,"BC_TTCAATCTCTGAATCG","HSC_B7"
642,"BC_CGGAATTTCATTTCCA","A11C,G180A,G798A,G806A,G807A,G1101A,G1125A,A1228C,C1346T",1,"BC_CGGAATTTCATTTCCA","HSC_B7"
617,"BC_CAATACGGTGGGATTG","A126C,C623T,C756T,G1101A",1,"BC_CAATACGGTGGGATTG","HSC_B7"
350,"BC_GGTGAAGTCGTTCCTG","A127T,A429T,C746T,C756T,C758T,C971A,A1340C,C1345T",1,"BC_GGTGAAGTCGTTCCTG","HSC_B7"
68,"BC_GTTACAGCACTGGAAG","A134G,A369T,C575T,C578T,C580T,C634T,C635T,C638T,C758T,G1283T",1,"BC_GTTACAGCACTGGAAG","HSC_B7"
107,"BC_AGAAGCGAGTGGACTG","A140C,C167T,C401T,C634T,C638T,C641T,C665T,C828T,A1170C,T1244C,A1272C",1,"BC_AGAAGCGAGTGGACTG","HSC_B7"
448,"BC_CCTCCAAAGCTTTCTT","A150T,A919T,G939A,T1151A",1,"BC_CCTCCAAAGCTTTCTT","HSC_B7"
474,"BC_CGCATAAAGGTGCTAG","A150T,C278T,G610A,G757A,C819T,C821T,G900A,G976A,G1126T,C1345T",1,"BC_CGCATAAAGGTGCTAG","HSC_B7"
106,"BC_TCAGGTATCCTCTGCA","A156C,C401T,C634T,C638T,C641T,C665T,C828T",1,"BC_TCAGGTATCCTCTGCA","HSC_B7"
123,"BC_AGACCATCATCGGATT","A156T,C401T,C634T,C638T,C641T,C828T",1,"BC_AGACCATCATCGGATT","HSC_B7"
130,"BC_GCAACATTCGTGTGAT","A168C,C263T,C269T,C274T,C401T,G585A,G586A,C634T,C638T,C641T,C1001T,C1067T,C1068T,C1345G",1,"BC_GCAACATTCGTGTGAT","HSC_B7"
512,"BC_TCTATCACATCAGCGC","A168G,C1001T",1,"BC_TCTATCACATCAGCGC","HSC_B7"
660,"BC_TTCCAATCAAAGTGTA","A168T,G1101A,C1102A,C1187A,T1331A,C1345T",1,"BC_TTCCAATCAAAGTGTA","HSC_B7"
764,"BC_TAATCTCCATGCCGGT","A17C,A21C,T47A,C518T,C590T,G827A,G829A,C1345T,C1346T",1,"BC_TAATCTCCATGCCGGT","HSC_B7"
566,"BC_GGCTTTCCAATACAGA","A17C,A56C,A75C,A98C,A119C,A310C,A367C,A442C,A481C,A507C,A532C,A550C,A562C,A609C,A632C,A663C,A727C,A947C,A969C,T1172A,C1345T",1,"BC_GGCTTTCCAATACAGA","HSC_B7"
344,"BC_CACTGAATCCACACCT","A17C,C307T,C313A,A324G,A387G,C575T,C578T,G595A,C746T,C756T,C758T,C819T,C1001T,T1024C,C1136A,A1237C",1,"BC_CACTGAATCCACACCT","HSC_B7"
24,"BC_CTACCTGCAAGCAATA","A17G,T78G,C575T,C578T,C580T,C634T,C635T,C638T,C758T,G1006A,T1053G,T1207G,C1345A",1,"BC_CTACCTGCAAGCAATA","HSC_B7"
283,"BC_CCAATTTTCGATTGAC","A186T,A387T,G404A,G406A,G487A,G766A,G1180A",1,"BC_CCAATTTTCGATTGAC","HSC_B7"
422,"BC_GTTTACTTCCATACAG","A18C,C45A,G766A,T781A,T931A,G1006A,G1069A,T1171A,C1345A",1,"BC_GTTTACTTCCATACAG","HSC_B7"
79,"BC_TGTTCCGCAAATAAGC","A213T,G496T,C575T,C578T,C583T,A651T,G1006A",1,"BC_TGTTCCGCAAATAAGC","HSC_B7"
770,"BC_AACAGGGGTGTTACAC","A21T,A629T,C725T,C1345A",1,"BC_AACAGGGGTGTTACAC","HSC_B7"
373,"BC_CGCCATTTCTTAGCAG","A228C,A262C,A639C,C758T,T761G,C867T,C875T,A878C,C882T,A1005C",1,"BC_CGCCATTTCTTAGCAG","HSC_B7"
315,"BC_TATGTTCTCTGTAAGC","A229C,G404A,G406A,G766A",1,"BC_TATGTTCTCTGTAAGC","HSC_B7"
29,"BC_GCATTAGCAAATAAGC","A262C,A412C,A482C,C575T,C578T,C580T,C634T,C635T,C638T,C758T,C815T,C821T,G886A,G1006A,C1345G",1,"BC_GCATTAGCAAATAAGC","HSC_B7"
449,"BC_TTGTTGTGTTGCAAGG","A265C,G348A,A397C,A403C,A485C,A562C,A591C,A605C,A813C,G939A,A946C,A1083C,A1085C,A1089C,A1108C,A1130C,A1132C,A1274C",1,"BC_TTGTTGTGTTGCAAGG","HSC_B7"
681,"BC_GAGACTTCAATGAAAC","A265T,G585A,G586A,A1023G,A1071T",1,"BC_GAGACTTCAATGAAAC","HSC_B7"
529,"BC_GAAACCTCATATGGCT","A288G,G820A,A1062G",1,"BC_GAAACCTCATATGGCT","HSC_B7"
348,"BC_GTTCGCTGTATCATGC","A289T,G556T,C746T,C749T,C756T,C758T,G1101A",1,"BC_GTTCGCTGTATCATGC","HSC_B7"
572,"BC_CTCTCGATCACAACCA","A315G,C575T",1,"BC_CTCTCGATCACAACCA","HSC_B7"
43,"BC_GTTCTATAGATACTGA","A315G,C575T,C578T,C580T,C634T,C635T,C638T,C758T,G1006A",1,"BC_GTTCTATAGATACTGA","HSC_B7"
154,"BC_CACTGGGGTTCACGAT","A321G,C631T,C634T,C635T,C638T,C641T,G823A,G829A,C1067T,C1068T,C1345A",1,"BC_CACTGGGGTTCACGAT","HSC_B7"
214,"BC_GATCCCTCAAGATTGA","A321T,C634T,C638T,C641T,G780A,A922T,G1101A,C1282T,C1346A",1,"BC_GATCCCTCAAGATTGA","HSC_B7"
618,"BC_AAGTACCCACCACATA","A324G,G1101A",1,"BC_AAGTACCCACCACATA","HSC_B7"
76,"BC_AACACACTCAAGCTTG","A330T,C575T,C578T,C583T,C634T,C638T,C943T,C952T,G1006A,C1181T,C1345T",1,"BC_AACACACTCAAGCTTG","HSC_B7"
631,"BC_ATCGGATCACTACAGT","A330T,G585A,G1101A,C1345T",1,"BC_ATCGGATCACTACAGT","HSC_B7"
427,"BC_AAAGGATAGAGAGCGG","A335C,G520A,G1006A",1,"BC_AAAGGATAGAGAGCGG","HSC_B7"
466,"BC_GATGTTGCAACTTGGT","A335G,C777T",1,"BC_GATGTTGCAACTTGGT","HSC_B7"
153,"BC_GCCCAGACAGATTCGT","A369C,A403C,C634T,C638T,C641T,A690C,A878C,C1067T,C1068T,A1130C,T1199A,A1337C",1,"BC_GCCCAGACAGATTCGT","HSC_B7"
757,"BC_TTTGGTTAGCCTAGGA","A369T,G404T,C1345A",1,"BC_TTTGGTTAGCCTAGGA","HSC_B7"
721,"BC_TACCGGGAGAAGAACG","A386T,C473T",1,"BC_TACCGGGAGAAGAACG","HSC_B7"
700,"BC_AGAACAAAGACCAACG","A387G,G585A,G586A,A629C",1,"BC_AGAACAAAGACCAACG","HSC_B7"
436,"BC_TCCCATGCACGTAGTT","A397T,G762A,G766A,C1116T,C1345A",1,"BC_TCCCATGCACGTAGTT","HSC_B7"
112,"BC_TACTTCACATACTGAC","A412T,C634T,C638T,C641T,C828T,G1125A",1,"BC_TACTTCACATACTGAC","HSC_B7"
725,"BC_ATGGGAGCATCATCTT","A415C,C461T,C473T,C758T,G1032A",1,"BC_ATGGGAGCATCATCTT","HSC_B7"
192,"BC_TTGAGTGCAGAAATCA","A423G,A543G,C634T,C638T,C641T,G766A,C812T,C814T,C819T,C821T",1,"BC_TTGAGTGCAGAAATCA","HSC_B7"
116,"BC_TCTCACGCACAAATAG","A423G,G586A,G595A,C634T,C638T,C641T,C828T,A848C,A946G,T1021A,G1125A,G1126A,G1238T,C1345A",1,"BC_TCTCACGCACAAATAG","HSC_B7"
245,"BC_TCATTACAGCATCGAG","A43C,G404A,G406A,G766A,A909C,A1023C,C1059T,C1067T,A1085C,C1116T",1,"BC_TCATTACAGCATCGAG","HSC_B7"
608,"BC_TGGTTAGGTGGCTCTG","A44C,A100C,T476A,T503A,A609C,T653A,T670A,T773A,T782A,G1101A,T1141A,T1151A,T1193A,T1331A,C1345T",1,"BC_TGGTTAGGTGGCTCTG","HSC_B7"
376,"BC_AGTACCACAGGCACTC","A44C,A57C,A98C,A127C,A229C,A330C,A360C,A412C,C758T,C867T,C875T,C882T,A922C,A984C,A1003C,A1042C,A1092C,A1143C,A1226C,A1289C,C1345A",1,"BC_AGTACCACAGGCACTC","HSC_B7"
421,"BC_TCCTCCCCAATTGCAC","A44C,C306T,G487A,C631T,A1124C",1,"BC_TCCTCCCCAATTGCAC","HSC_B7"
616,"BC_AGATAGATCTCCACTG","A44T,C647T,C776A,T1070G,G1101A",1,"BC_AGATAGATCTCCACTG","HSC_B7"
55,"BC_CTCCCTCTCGTCGATA","A450C,C575T,C578T,C580T,C634T,C635T,C638T,C758T,A795C,A872C",1,"BC_CTCCCTCTCGTCGATA","HSC_B7"
208,"BC_GCACTAATCTGAATCG","A452C,A509T,C634T,C638T,C641T,C1286T,C1346G",1,"BC_GCACTAATCTGAATCG","HSC_B7"
209,"BC_TCTCACGTCACAGTGT","A452C,C634T,C638T,C641T,C1345A",1,"BC_TCTCACGTCACAGTGT","HSC_B7"
578,"BC_AACAACCGTGACTAAA","A462G,T708C",1,"BC_AACAACCGTGACTAAA","HSC_B7"
501,"BC_CAAAGAAGTACCCGAC","A462T,A1023G,C1059T,A1062T",1,"BC_CAAAGAAGTACCCGAC","HSC_B7"
50,"BC_ATTCACTGTCATCGGC","A50C,A75C,A99C,A116C,A127C,A156C,A235C,A240C,A526C,C575T,C578T,C580T,C634T,C635T,C638T,A717C,C758T,C985G,C1001G",1,"BC_ATTCACTGTCATCGGC","HSC_B7"
603,"BC_GATTCGATCTCCAATT","A50C,C1121T,C1345T",1,"BC_GATTCGATCTCCAATT","HSC_B7"
393,"BC_GCGATCGTCCCAGCGA","A50C,C263T,A485C,A501C,A552C,A733C,C758T,G823A,G827A,G829A,C875T,A1270C,C1345T",1,"BC_GCGATCGTCCCAGCGA","HSC_B7"
537,"BC_TCTCTGGGTACTCGCG","A50T,A387T,G823A,C882T,C1345T,C1346T",1,"BC_TCTCTGGGTACTCGCG","HSC_B7"
679,"BC_CTAGACACACTTTAGG","A523C,G586A,C1345T",1,"BC_CTAGACACACTTTAGG","HSC_B7"
64,"BC_TTCCGTGAGGCCCGTT","A53C,C389T,A523C,C575T,C578T,C580T,C634T,C635T,C638T,C758T",1,"BC_TTCCGTGAGGCCCGTT","HSC_B7"
34,"BC_TTGAGTGGTTGGCCTG","A543G,C575T,C578T,C580T,C634T,C635T,C638T,A690C,C758T,G1006A,A1015G,A1023G",1,"BC_TTGAGTGGTTGGCCTG","HSC_B7"
78,"BC_TACCTGCTCAGTCACA","A543G,C575T,C578T,C583T,C634T,C638T,C943T,C952T,G1006A",1,"BC_TACCTGCTCAGTCACA","HSC_B7"
544,"BC_TACAGGTTCGTCTCAC","A543G,C578T,C758T",1,"BC_TACAGGTTCGTCTCAC","HSC_B7"
683,"BC_CGGACACTCTAGTGAC","A543G,G585A,G586A,A1005C,A1023G,T1094A,G1344A,C1345A",1,"BC_CGGACACTCTAGTGAC","HSC_B7"
446,"BC_AAACGAATCGTCAGAT","A543G,G939A,A1155C",1,"BC_AAACGAATCGTCAGAT","HSC_B7"
655,"BC_CGTTCTGTCATTACTC","A550G,C943G,G1101A,C1345T",1,"BC_CGTTCTGTCATTACTC","HSC_B7"
354,"BC_CTGATCCTCTAACGCA","A559C,C756T,C758T,G823C,C1345T",1,"BC_CTGATCCTCTAACGCA","HSC_B7"
451,"BC_CTAACCCTCAGTGTGT","A561G,T707A,G939A",1,"BC_CTAACCCTCAGTGTGT","HSC_B7"
220,"BC_CAGGTATCATCGAGCC","A562T,C634T,C638T,C641T",1,"BC_CAGGTATCATCGAGCC","HSC_B7"
405,"BC_ACCTGAAGTGGTCTAT","A564G,C758T,A947G,G1251A",1,"BC_ACCTGAAGTGGTCTAT","HSC_B7"
494,"BC_AATAGAGAGTCGAGGT","A56G,C461T,G886A,C1059T,G1125A,G1126A",1,"BC_AATAGAGAGTCGAGGT","HSC_B7"
385,"BC_CACACAACAATGCAGG","A579G,C758T,C1345A",1,"BC_CACACAACAATGCAGG","HSC_B7"
227,"BC_AAGCCATAGGGAGGCA","A57C,A75C,A99C,A126C,A150C,A265C,C521T,A550C,C634T,C638T,C641T,A860C,T972A",1,"BC_AAGCCATAGGGAGGCA","HSC_B7"
317,"BC_CACAGGCTCTGACCCT","A59C,A229C,A321C,C395T,G404A,G406A,A452C,A550C,A633C,A669C,A704C,A713C,G766A,A877G,A1231C,A1323C",1,"BC_CACAGGCTCTGACCCT","HSC_B7"
316,"BC_TCGCAGGAGTCCGCGT","A59C,A73C,A115C,A177C,A207C,A229C,G404A,G406A,A444C,A485C,A526C,A543C,A551C,A605C,A633C,A726C,G766A,A772C,A930C,A969C,A993C,A1114C,A1227C,A1233C,A1298C,A1342C",1,"BC_TCGCAGGAGTCCGCGT","HSC_B7"
479,"BC_TTCCACGGTCGCACGT","A59C,G610A,G757A,C765T,A799C,G900A,G976A,C1001T,G1069A,C1345A",1,"BC_TTCCACGGTCGCACGT","HSC_B7"
620,"BC_GCTGGGTCATGATAGA","A5C,A17C,A369C,A466C,C758T,G1006A,C1059T,C1060T,C1067T,G1101A,G1215A,C1345T",1,"BC_GCTGGGTCATGATAGA","HSC_B7"
508,"BC_ATTTACCTCTGTCAGA","A629G,G881A",1,"BC_ATTTACCTCTGTCAGA","HSC_B7"
755,"BC_GTCATGAGTGAACGGT","A663G,C1345A",1,"BC_GTCATGAGTGAACGGT","HSC_B7"
659,"BC_CGAGAAGGTATGCAAA","A675C,A849G,G1101A,A1233C,C1345T",1,"BC_CGAGAAGGTATGCAAA","HSC_B7"
435,"BC_TCCCAGTTCGGTTAGT","A704C,G762A,G766A,C1116T",1,"BC_TCCCAGTTCGGTTAGT","HSC_B7"
538,"BC_GTAGGTTGTCGAGCTC","A706G,G823A,A1035G,C1346T",1,"BC_GTAGGTTGTCGAGCTC","HSC_B7"
356,"BC_CTTCTCTAGGCTAACG","A713G,C756T,C758T,G823C",1,"BC_CTTCTCTAGGCTAACG","HSC_B7"
300,"BC_ATGGATCCAGAAGCTG","A71C,A74C,A199C,A279C,A282C,A312C,A381C,G404A,G406A,A423C,C425T,A462C,A501C,G585A,G586A,A682C,G703A,G766A,G823A,A872C,A877C,A922C,T986A,A1042C,A1132C",1,"BC_ATGGATCCAGAAGCTG","HSC_B7"
551,"BC_CTGGACGGTCCTTTGC","A728G",1,"BC_CTGGACGGTCCTTTGC","HSC_B7"
431,"BC_GACGTTACAGCACCCA","A73C,A741C,C882T,A921C,C1115T,C1116T,A1155C,C1346T",1,"BC_GACGTTACAGCACCCA","HSC_B7"
390,"BC_GGGATGAGTACATACC","A74G,C758T,G1006A,C1345A",1,"BC_GGGATGAGTACATACC","HSC_B7"
467,"BC_GTCGTTCCATCGTCCT","A74T,A98T,A523T,A551T,G757A,G760A",1,"BC_GTCGTTCCATCGTCCT","HSC_B7"
216,"BC_GAAGGACAGAGTCTGG","A75C,C634T,C638T,C641T,C870T",1,"BC_GAAGGACAGAGTCTGG","HSC_B7"
243,"BC_TATTGCTGTGCCTAAT","A75C,G404A,G406A,G766A,T1178C,C1345A",1,"BC_TATTGCTGTGCCTAAT","HSC_B7"
500,"BC_GATGAGGAGGACATCG","A783T,C1059T",1,"BC_GATGAGGAGGACATCG","HSC_B7"
605,"BC_GCTACAAGTTCCTAAG","A826C,G1249A,C1345T",1,"BC_GCTACAAGTTCCTAAG","HSC_B7"
195,"BC_TACACCCTCGTGACTA","A82T,T544G,C634T,C638T,C641T,T784G",1,"BC_TACACCCTCGTGACTA","HSC_B7"
561,"BC_ATGGTTGGTATGAGGC","A843C,C995T,A1231C",1,"BC_ATGGTTGGTATGAGGC","HSC_B7"
569,"BC_AGGGTGACAGGGTTGA","A849G",2,"BC_GTTACAGCAGTTACCA","HSC_B7"
569,"BC_GTTACAGCAGTTACCA","A849G",2,"BC_GTTACAGCAGTTACCA","HSC_B7"
637,"BC_AGTCATGGTAACACGG","A966G,C1068T,G1101A,G1126A",1,"BC_AGTCATGGTAACACGG","HSC_B7"
708,"BC_GATGACTGTGGTTCTA","A97T,A168T,A472T,C473T,A727T,C870T,C875T,A930T,A1088T,A1232T,A1297T,C1346T",1,"BC_GATGACTGTGGTTCTA","HSC_B7"
91,"BC_TGTGGCGTCATTGTTC","A98C,A192C,G204A,C391T,C575T,C578T,C583T,G1006A",1,"BC_TGTGGCGTCATTGTTC","HSC_B7"
375,"BC_AGTGTTGCAACAAGAT","A98C,A594C,C758T,C867T,C875T,C882T",1,"BC_AGTGTTGCAACAAGAT","HSC_B7"
649,"BC_CAAGGGAGTACGTAGG","A98C,G1101A",1,"BC_CAAGGGAGTACGTAGG","HSC_B7"
510,"BC_AACGTCAGTTGTGCAT","C1001T,C1346T",1,"BC_AACGTCAGTTGTGCAT","HSC_B7"
505,"BC_TCACGGGCAAGCACCC","C1004T",3,"BC_TCACGGGCAAGCACCC","HSC_B7"
505,"BC_TGACCCTGTATCGAAA","C1004T",3,"BC_TCACGGGCAAGCACCC","HSC_B7"
505,"BC_AAAGGGCGTTTCACTT","C1004T",3,"BC_TCACGGGCAAGCACCC","HSC_B7"
504,"BC_TTCCACGTCGCTACGG","C1004T,C1345A",1,"BC_TTCCACGTCGCTACGG","HSC_B7"
498,"BC_GACCAATGTTGGCTAT","C1059T,G1125A,G1126A,C1286T",1,"BC_GACCAATGTTGGCTAT","HSC_B7"
662,"BC_TTCACCGCATTGACTG","C105T,C108A,C547T,C553A,G595A,C625T,C819T,C970A,C1223T,C1345T",1,"BC_TTCACCGCATTGACTG","HSC_B7"
564,"BC_TGATTTCGTTCTCCTG","C1060G",2,"BC_TTGGATGAGCCAAGGT","HSC_B7"
564,"BC_TTGGATGAGCCAAGGT","C1060G",2,"BC_TTGGATGAGCCAAGGT","HSC_B7"
42,"BC_GGAGGTAAGTATTGCC","C109T,C575T,C578T,C580T,C634T,C635T,C638T,C758T,G1006A",1,"BC_GGAGGTAAGTATTGCC","HSC_B7"
777,"BC_GTGAGGACAAGTCCCG","C1104A,C1345A",1,"BC_GTGAGGACAAGTCCCG","HSC_B7"
689,"BC_AGAACAATCACTGTTT","C112T,G585A,G586A,A783G,A1228C",1,"BC_AGAACAATCACTGTTT","HSC_B7"
211,"BC_ACAGCCGAGGATTTGA","C113T,A501T,C634T,C638T,C641T,C953A,C985A,C1345T",1,"BC_ACAGCCGAGGATTTGA","HSC_B7"
426,"BC_AGCGTATAGTCACAGG","C117A,G520A,G1006A,C1059G,C1346T",1,"BC_AGCGTATAGTCACAGG","HSC_B7"
461,"BC_AGCGATTTCGTGTGAT","C1214A,C1346G",1,"BC_AGCGATTTCGTGTGAT","HSC_B7"
462,"BC_CTTCTCTGTCACTTAG","C122T,G286A,A1256T,T1265G,C1346G",1,"BC_CTTCTCTGTCACTTAG","HSC_B7"
558,"BC_AATCGTGGTTGCCGAC","C133T,C553A,T893A,C995T,C1001T,C1115T,A1298C",1,"BC_AATCGTGGTTGCCGAC","HSC_B7"
207,"BC_ATTCCTAGTCTGTCAA","C133T,C634T,C638T,C641T,C1345A",1,"BC_ATTCCTAGTCTGTCAA","HSC_B7"
113,"BC_ACCCTTGCAATCTCGA","C133T,C634T,C638T,C641T,C828T,G1125A,C1346T",1,"BC_ACCCTTGCAATCTCGA","HSC_B7"
559,"BC_ACCACAACATCTGGGC","C133T,C995T,C1001T,C1115T",1,"BC_ACCACAACATCTGGGC","HSC_B7"
1,"BC_ATAGGCTTCGTTCCTG","C1345A",6,"BC_ATAGGCTTCGTTCCTG","HSC_B7"
1,"BC_TGTTCATGTGAGAGGG","C1345A",6,"BC_ATAGGCTTCGTTCCTG","HSC_B7"
1,"BC_ATTCCTACATTGAGCT","C1345A",6,"BC_ATAGGCTTCGTTCCTG","HSC_B7"
1,"BC_CGAAGGACATTCAGCA","C1345A",6,"BC_ATAGGCTTCGTTCCTG","HSC_B7"
1,"BC_GTGTTCCGTTCCATTT","C1345A",6,"BC_ATAGGCTTCGTTCCTG","HSC_B7"
1,"BC_TTCTGTATCTACTCAT","C1345A",6,"BC_ATAGGCTTCGTTCCTG","HSC_B7"
601,"BC_TAGACCAAGGTCATAA","C1345T",5,"BC_TGGGAAGTCTTAGCAG","HSC_B7"
601,"BC_AGAGAGCGTATGAAGT","C1345T",5,"BC_TGGGAAGTCTTAGCAG","HSC_B7"
601,"BC_CCAATGACATCTTAGG","C1345T",5,"BC_TGGGAAGTCTTAGCAG","HSC_B7"
601,"BC_TGGGAAGTCTTAGCAG","C1345T",5,"BC_TGGGAAGTCTTAGCAG","HSC_B7"
601,"BC_TTCCTTCTCCGCACTT","C1345T",5,"BC_TGGGAAGTCTTAGCAG","HSC_B7"
456,"BC_TCAGTCCAGAATTCAG","C1345T,C1346T",3,"BC_TCAGTCCAGAATTCAG","HSC_B7"
456,"BC_GTCAAGTCACGACAGA","C1345T,C1346T",3,"BC_TCAGTCCAGAATTCAG","HSC_B7"
456,"BC_CTGCCTAAGTAGGATT","C1345T,C1346T",3,"BC_TCAGTCCAGAATTCAG","HSC_B7"
458,"BC_AGCGTCGGTATCATGC","C1346T",4,"BC_GTCAGCGAGGGACAGG","HSC_B7"
458,"BC_GACGCTGAGCCGTTAT","C1346T",4,"BC_GTCAGCGAGGGACAGG","HSC_B7"
458,"BC_GTCAGCGAGGGACAGG","C1346T",4,"BC_GTCAGCGAGGGACAGG","HSC_B7"
458,"BC_CCTCACATCTGCCTGT","C1346T",4,"BC_GTCAGCGAGGGACAGG","HSC_B7"
32,"BC_CCCAACTTCAGACATC","C143A,A403C,C575T,C578T,C580T,C634T,C635T,C638T,C758T,C821T,G1006A",1,"BC_CCCAACTTCAGACATC","HSC_B7"
444,"BC_GCCAGCAGTTCTCTAT","C143T,A663G,G939A",1,"BC_GCCAGCAGTTCTCTAT","HSC_B7"
163,"BC_ATTCGTTGTTCAGCTA","C143T,C274T,C634T,C638T,C641T,C1067T",1,"BC_ATTCGTTGTTCAGCTA","HSC_B7"
595,"BC_TATCCTAGTAGGGAGG","C146T,A633C,C750A,C819T,C821T,C882T,C1345A",1,"BC_TATCCTAGTAGGGAGG","HSC_B7"
52,"BC_ATTCCTAGTATCTCTT","C146T,C575T,C578T,C580T,C634T,C635T,C638T,C758T,A801G,C985G,C1001G",1,"BC_ATTCCTAGTATCTCTT","HSC_B7"
651,"BC_CGTGAATTCTCTAGGA","C146T,G1101A",1,"BC_CGTGAATTCTCTAGGA","HSC_B7"
98,"BC_ACTATGGAGATCGACG","C159T,C401T,C634T,C638T,C641T,C665T,C828T",1,"BC_ACTATGGAGATCGACG","HSC_B7"
753,"BC_CGCATGGCATTGGATC","C159T,C516T,C518T,C698T,C700T,C710T,C758T,A1227T,A1232T,C1345A",1,"BC_CGCATGGCATTGGATC","HSC_B7"
142,"BC_ATCACGATCATGTCTT","C159T,C521T,C634T,C638T,C641T,A799C,C821T,G827A,G829A,C1001T,C1067T,C1068T,A1085C,A1092C,C1345T",1,"BC_ATCACGATCATGTCTT","HSC_B7"
158,"BC_GAGAGGTCAAACCACT","C161T,C631T,C634T,C635T,C638T,C641T,C765T,G823A,C1067T,C1068T,A1288T,C1346T",1,"BC_GAGAGGTCAAACCACT","HSC_B7"
277,"BC_ACGTAACTCTTTACAC","C161T,G404A,G406A,G584A,G766A,G823A,G1180A,C1345A",1,"BC_ACGTAACTCTTTACAC","HSC_B7"
41,"BC_AGATAGACATGACTGT","C164T,A227G,C575T,C578T,C580T,C634T,C635T,C638T,G752A,G762A,G766A,G1006A",1,"BC_AGATAGACATGACTGT","HSC_B7"
335,"BC_CTCTGGTCACGAGGTA","C167T,G404A,G406A,G766A",1,"BC_CTCTGGTCACGAGGTA","HSC_B7"
397,"BC_AATCGTGTCTTGTTAC","C170T,C263T,C758T,G823A,G827A,G829A,C875T",1,"BC_AATCGTGTCTTGTTAC","HSC_B7"
257,"BC_ACTATGGGTAGTCGGA","C170T,G404A,G406A,T560C,C578T,C756T,C758T,G766A,C821T,C1345A",1,"BC_ACTATGGGTAGTCGGA","HSC_B7"
635,"BC_CATACAGAGGTAAACT","C176T,G585A,G1101A",1,"BC_CATACAGAGGTAAACT","HSC_B7"
622,"BC_AACAACCCACGGGTAA","C179T,C313A,C756T,C758T,C1004T,C1067T,G1101A,A1275G",1,"BC_AACAACCCACGGGTAA","HSC_B7"
328,"BC_ACCTACCCATTCGGGC","C185T,G404A,G406A,G766A,G823A,G829A,T834C,G886A",1,"BC_ACCTACCCATTCGGGC","HSC_B7"
429,"BC_AGCTACACACTATCCC","C1T,G406A,G844A,G1006A",1,"BC_AGCTACACACTATCCC","HSC_B7"
530,"BC_TCAAGTGGTTCCGCTT","C205T,C395G,C607T,G820A,G823A,G1006A",1,"BC_TCAAGTGGTTCCGCTT","HSC_B7"
95,"BC_CACGGGTTCGACCACG","C205T,C575T,C578T,C583T,G1006A,C1346T",1,"BC_CACGGGTTCGACCACG","HSC_B7"
653,"BC_CTCTCAGGTATTTCGG","C221T,G1101A,C1113T,C1345T",1,"BC_CTCTCAGGTATTTCGG","HSC_B7"
108,"BC_CCACGTTGTTTATGCG","C222A,C401T,C634T,C638T,C641T,C665T,C828T",1,"BC_CCACGTTGTTTATGCG","HSC_B7"
121,"BC_GAGATGGCACATCCCT","C234T,C401T,C634T,C638T,C641T,C828T,C1345T",1,"BC_GAGATGGCACATCCCT","HSC_B7"
307,"BC_GACTATGCACTTCAGA","C241T,G404A,G406A,G766A,C1345T",1,"BC_GACTATGCACTTCAGA","HSC_B7"
58,"BC_GCCCGAAGTACTAACC","C251T,C575T,C578T,C580T,C634T,C635T,C638T,C758T,A1304T,C1345A",1,"BC_GCCCGAAGTACTAACC","HSC_B7"
28,"BC_TGTGGCGAGCTCGTGC","C251T,C575T,C578T,C580T,C634T,C635T,C638T,C758T,C821T,G1006A",1,"BC_TGTGGCGAGCTCGTGC","HSC_B7"
548,"BC_CGGAATTTCACTGCTC","C251T,C767T",1,"BC_CGGAATTTCACTGCTC","HSC_B7"
323,"BC_CCTCAGTGTTATAGCC","C257T,C259T,G404A,G406A,G556T,G766A,C1241T,C1345T",1,"BC_CCTCAGTGTTATAGCC","HSC_B7"
324,"BC_GTTATGGTCATGAGGG","C257T,C259T,G404A,G406A,G766A",1,"BC_GTTATGGTCATGAGGG","HSC_B7"
322,"BC_CTAACCCTCCTAACAG","C257T,C259T,G404A,G406A,G766A,C1241T,C1345T",1,"BC_CTAACCCTCCTAACAG","HSC_B7"
229,"BC_GGAATCTTCTCTATAC","C257T,C634T,C638T,C641T",1,"BC_GGAATCTTCTCTATAC","HSC_B7"
133,"BC_TAACTTCAGTCGAAGC","C263T,C269T,C274T,C346T,C401T,C443T,C634T,C638T,C641T,C819T,C821T,C965T,C1001T,C1067T,C1068T,C1346T",1,"BC_TAACTTCAGTCGAAGC","HSC_B7"
131,"BC_TACAACGCAATGTGGG","C263T,C269T,C274T,C401T,G585A,G586A,C634T,C638T,C641T,C1001T,C1067T,C1068T",1,"BC_TACAACGCAATGTGGG","HSC_B7"
129,"BC_CAGTTCCCATGACAGG","C263T,C269T,C274T,C401T,G585A,G586A,C634T,C638T,C641T,C1001T,C1067T,C1068T,C1345G",1,"BC_CAGTTCCCATGACAGG","HSC_B7"
396,"BC_ACGTCCTGTGGCTGAA","C263T,C758T,G823A,G827A,G829A,C875T,A1135C",1,"BC_ACGTCCTGTGGCTGAA","HSC_B7"
394,"BC_TCGGGACGTCATGCAT","C263T,C758T,G823A,G827A,G829A,C875T,A1323C,C1345A",1,"BC_TCGGGACGTCATGCAT","HSC_B7"
392,"BC_CTTCGGTTCCTCAGAA","C263T,C758T,G823A,G827A,G829A,C875T,C1345T",1,"BC_CTTCGGTTCCTCAGAA","HSC_B7"
172,"BC_ATCGTCCCAGCCATTA","C269G,A415G,A423G,A605T,C634T,C638T,C641T,C1001T,A1237T,C1296G",1,"BC_ATCGTCCCAGCCATTA","HSC_B7"
697,"BC_CGTAAGTCAGCTGAGA","C271T,C274T,G585A,G586A,C698T,C1181T,C1187T",1,"BC_CGTAAGTCAGCTGAGA","HSC_B7"
507,"BC_ACACGCGTCAGCGCAC","C274T,C332T,G487A,G881A,G948A,C952T,C965T,C1345T,C1346T",1,"BC_ACACGCGTCAGCGCAC","HSC_B7"
122,"BC_AGTCTCCCAAGAGGTC","C274T,C401T,C634T,C638T,C641T,T707C,G760A,G766A,C828T,C1346T",1,"BC_AGTCTCCCAAGAGGTC","HSC_B7"
666,"BC_GTAGTACTCGTGGAAG","C274T,G1125A,C1345A",1,"BC_GTAGTACTCGTGGAAG","HSC_B7"
182,"BC_GAAGGGTTCGCTGCGA","C274T,G404A,G406A,G409A,G445A,G447A,C634T,C638T,C641T,C725T,C812T,C814T,C819T,C821T,C875G,C1109T,C1113T",1,"BC_GAAGGGTTCGCTGCGA","HSC_B7"
550,"BC_AGTCACATCGTACCTC","C274T,T582A",1,"BC_AGTCACATCGTACCTC","HSC_B7"
473,"BC_CTTTCGGAGACCAACG","C278T,C401T,C578T,G610A,G757A,G766A,A783G,C819T,C821T,G823A,G827A,G900A,G976A,G1006A",1,"BC_CTTTCGGAGACCAACG","HSC_B7"
472,"BC_TCCTCTTTCGTCTCAC","C278T,C401T,C578T,G610A,G757A,G766A,C819T,C821T,G823A,G827A,G900A,G976A,T1013A",1,"BC_TCCTCTTTCGTCTCAC","HSC_B7"
476,"BC_CTGCCTATCTTTCAGT","C278T,G610A,G757A,C819T,C821T,G900A,G937A,G939A,G976A,C995T,C1059T,G1280T",1,"BC_CTGCCTATCTTTCAGT","HSC_B7"
475,"BC_GACAGCCCATCTTCGC","C278T,G610A,G757A,C819T,C821T,G900A,G976A,C1345T",1,"BC_GACAGCCCATCTTCGC","HSC_B7"
347,"BC_GGGAAGTGTCATGACT","C296A,C746T,C749T,C756T,C758T,G1101A,C1345A",1,"BC_GGGAAGTGTCATGACT","HSC_B7"
415,"BC_TCGGGCACAGATCCAT","C306T,A429G,C631T,G1006A,G1180A,C1346T",1,"BC_TCGGGCACAGATCCAT","HSC_B7"
418,"BC_CGTGAATAGGAGAGGC","C306T,A543G,C631T,A1023G,C1345T",1,"BC_CGTGAATAGGAGAGGC","HSC_B7"
408,"BC_CACCAAATCGAGTCTA","C306T,C631T",2,"BC_TCTTAGTCAGGCTCTG","HSC_B7"
408,"BC_TCTTAGTCAGGCTCTG","C306T,C631T",2,"BC_TCTTAGTCAGGCTCTG","HSC_B7"
412,"BC_ATCTTCAGTCACTACA","C306T,C631T,A633G,G637A,G640A,C828T,C1346T",1,"BC_ATCTTCAGTCACTACA","HSC_B7"
416,"BC_GATCATGGTACCGTGC","C306T,C631T,C1345T,C1346T",1,"BC_GATCATGGTACCGTGC","HSC_B7"
417,"BC_CTTCCGAGTAGCTCGC","C306T,C631T,C819T,C821T,C1346T",1,"BC_CTTCCGAGTAGCTCGC","HSC_B7"
414,"BC_AATTCCTAGAGAGCGG","C306T,C631T,G1006A,G1180A,C1345T,C1346T",1,"BC_AATTCCTAGAGAGCGG","HSC_B7"
419,"BC_AACCTTTGTATGGAAT","C306T,C631T,G1180A",1,"BC_AACCTTTGTATGGAAT","HSC_B7"
411,"BC_GTCAGCGCAGCTTTCC","C306T,C631T,G637A,G640A,C828T,C875T,C1345A",1,"BC_GTCAGCGCAGCTTTCC","HSC_B7"
409,"BC_GACTTCCAGGGCTAAC","C306T,C631T,G637A,G640A,C828T,G1285A,C1345A",1,"BC_GACTTCCAGGGCTAAC","HSC_B7"
413,"BC_GCTCAAAAGATTGGGC","C306T,C631T,G762A,C1345T",1,"BC_GCTCAAAAGATTGGGC","HSC_B7"
420,"BC_ACCTGAATCCTTGAAG","C306T,C631T,G890A,G1180A",1,"BC_ACCTGAATCCTTGAAG","HSC_B7"
554,"BC_CTACATTTCTACTGCC","C306T,C882T,G1111A,C1286T,C1345A",1,"BC_CTACATTTCTACTGCC","HSC_B7"
517,"BC_TGTCCACTCGTTCCTG","C307T,C313A,C395T,C1345G",1,"BC_TGTCCACTCGTTCCTG","HSC_B7"
250,"BC_TGCACGGTCGTGTCAA","C307T,G404A,G406A,G766A,C1059T,C1067T,C1345T",1,"BC_TGCACGGTCGTGTCAA","HSC_B7"
75,"BC_CGCATAATCGAGCACC","C323T,C575T,C578T,C583T,C634T,C638T,C756T,C819T,C821T,C943T,C952T,G1006A",1,"BC_CGCATAATCGAGCACC","HSC_B7"
619,"BC_GAACACTTCAAGCCCG","C341T,C758T,C1059T,C1060T,C1067T,G1101A,C1345T",1,"BC_GAACACTTCAAGCCCG","HSC_B7"
219,"BC_CCACACTCACGAGAAC","C353T,C634T,C638T,C641T",1,"BC_CCACACTCACGAGAAC","HSC_B7"
629,"BC_GCACGTGTCCGCTGTT","C359A,G585A,T615A,G1101A,C1345T,C1346T",1,"BC_GCACGTGTCCGCTGTT","HSC_B7"
62,"BC_GACTCAATCCTATTTG","C389T,C575T,C578T,C580T,C634T,C635T,C638T,C758T,C1345A",1,"BC_GACTCAATCCTATTTG","HSC_B7"
65,"BC_GCACATACACAGCTGC","C389T,C575T,C578T,C580T,C634T,C635T,C638T,T668C,C758T",1,"BC_GCACATACACAGCTGC","HSC_B7"
63,"BC_CCTGCATAGCGTTGTT","C389T,C575T,C578T,C580T,G584T,C634T,C635T,C638T,C758T,C1345G",1,"BC_CCTGCATAGCGTTGTT","HSC_B7"
582,"BC_TACCTGCTCGGTCACG","C389T,C590T,C1109T,C1115T,C1345A",1,"BC_TACCTGCTCGGTCACG","HSC_B7"
92,"BC_AGTGACTAGAGATGCC","C391T,C575T,C578T,C583T,G1006A,G1305A",1,"BC_AGTGACTAGAGATGCC","HSC_B7"
531,"BC_CATTCCGGTGCTTATG","C395G,G820A,G823A,G1006A,C1097T",1,"BC_CATTCCGGTGCTTATG","HSC_B7"
514,"BC_ACGTTCCGTACCAGAG","C395T,A783G,G827A",1,"BC_ACGTTCCGTACCAGAG","HSC_B7"
519,"BC_ATACCGATCATGCAGT","C395T,A795G,G1106A,C1345T",1,"BC_ATACCGATCATGCAGT","HSC_B7"
430,"BC_GGCTGTGGTGTATTCG","C395T,C882T,C1115T,C1116T",1,"BC_GGCTGTGGTGTATTCG","HSC_B7"
518,"BC_AGACTCAGTATCACGT","C395T,C977A,C1345A",1,"BC_AGACTCAGTATCACGT","HSC_B7"
522,"BC_CCCTTAGCATGTAACC","C395T,G464A,G581A,C758T",1,"BC_CCCTTAGCATGTAACC","HSC_B7"
515,"BC_AGAGAGCCAGTGTACT","C395T,G827A",1,"BC_AGAGAGCCAGTGTACT","HSC_B7"
516,"BC_TGATTTCGTCGGATTT","C395T,T763C,C1345A",1,"BC_TGATTTCGTCGGATTT","HSC_B7"
521,"BC_TAGTGCATCTTAGTTC","C395T,T962C,G1106A",1,"BC_TAGTGCATCTTAGTTC","HSC_B7"
167,"BC_ACACCAAGTTACCTTT","C401T,A526G,G586A,C634T,C638T,C641T,C1001T",1,"BC_ACACCAAGTTACCTTT","HSC_B7"
614,"BC_GTCATCCGTACCCGAC","C401T,A618G,G1101A",1,"BC_GTCATCCGTACCCGAC","HSC_B7"
125,"BC_CTCATTAAGCAGCAGT","C401T,C407T,C416T,A608G,C634T,C638T,C641T",1,"BC_CTCATTAAGCAGCAGT","HSC_B7"
613,"BC_ATTCTACAGTTGTACC","C401T,C461T,C578T,C638T,C896T,G1101A",1,"BC_ATTCTACAGTTGTACC","HSC_B7"
612,"BC_CCACAAAGTCCAGGTC","C401T,C461T,C578T,C638T,G1101A",1,"BC_CCACAAAGTCCAGGTC","HSC_B7"
610,"BC_CGTAAGTTCTCGTTTA","C401T,C461T,C578T,C638T,G1101A,C1345G,C1346G",1,"BC_CGTAAGTTCTCGTTTA","HSC_B7"
611,"BC_TCCTCTTCACTGAGTT","C401T,C461T,C578T,C638T,G1101A,C1345T",1,"BC_TCCTCTTCACTGAGTT","HSC_B7"
111,"BC_TACATTCCATGTTCAG","C401T,C590T,C634T,C638T,C641T,C665T,C828T",1,"BC_TACATTCCATGTTCAG","HSC_B7"
159,"BC_GTTTGGAAGCGTACAG","C401T,C631T,C634T,C635T,C638T,C641T,A810G,G823A,C1067T,C1068T",1,"BC_GTTTGGAAGCGTACAG","HSC_B7"
128,"BC_ATGGATCTCGGAGTAG","C401T,C634T,C638T,C641T",1,"BC_ATGGATCTCGGAGTAG","HSC_B7"
97,"BC_GGTGGCTTCATGCATG","C401T,C634T,C638T,C641T,C665T,A732T,C828T",1,"BC_GGTGGCTTCATGCATG","HSC_B7"
109,"BC_ATTACCTGTCATCTAG","C401T,C634T,C638T,C641T,C665T,C667A,C828T",1,"BC_ATTACCTGTCATCTAG","HSC_B7"
99,"BC_TGCTCCATCAATCGGT","C401T,C634T,C638T,C641T,C665T,C828T",4,"BC_ATGCCTCTCCTACAAG","HSC_B7"
99,"BC_TGTAAGCCAGACCTGC","C401T,C634T,C638T,C641T,C665T,C828T",4,"BC_ATGCCTCTCCTACAAG","HSC_B7"
99,"BC_AGGCTGCAGTGATAGT","C401T,C634T,C638T,C641T,C665T,C828T",4,"BC_ATGCCTCTCCTACAAG","HSC_B7"
99,"BC_ATGCCTCTCCTACAAG","C401T,C634T,C638T,C641T,C665T,C828T",4,"BC_ATGCCTCTCCTACAAG","HSC_B7"
102,"BC_CGCATGGGTAGAGTTA","C401T,C634T,C638T,C641T,C665T,C828T,A1270C,A1298C,C1345T",1,"BC_CGCATGGGTAGAGTTA","HSC_B7"
110,"BC_CTCGAGGGTGTATACC","C401T,C634T,C638T,C641T,C665T,C828T,C1116A",1,"BC_CTCGAGGGTGTATACC","HSC_B7"
103,"BC_TTCGGTCTCCATCTCG","C401T,C634T,C638T,C641T,C665T,C828T,C1345T",1,"BC_TTCGGTCTCCATCTCG","HSC_B7"
101,"BC_TCCTGCATCTTCGCTG","C401T,C634T,C638T,C641T,C665T,C828T,C1346T",1,"BC_TCCTGCATCTTCGCTG","HSC_B7"
96,"BC_GACAGCCGTGACTGTT","C401T,C634T,C638T,C641T,C665T,C828T,G1063A,G1069A,C1346A",1,"BC_GACAGCCGTGACTGTT","HSC_B7"
100,"BC_ATCATTCTCCATTCGC","C401T,C634T,C638T,C641T,C665T,C828T,T1008A,C1346T",1,"BC_ATCATTCTCCATTCGC","HSC_B7"
105,"BC_TCCACGTCATCGGAGA","C401T,C634T,C638T,C641T,C665T,G823A,C828T,C1345A",1,"BC_TCCACGTCATCGGAGA","HSC_B7"
149,"BC_AGTAACCTCCATACAG","C401T,C634T,C638T,C641T,C765T,C821T,C1067T,C1068T",3,"BC_TAAGCACAGTGACCTT","HSC_B7"
149,"BC_TAAGCACAGTGACCTT","C401T,C634T,C638T,C641T,C765T,C821T,C1067T,C1068T",3,"BC_TAAGCACAGTGACCTT","HSC_B7"
149,"BC_CCCTTAGCAGTCAGAG","C401T,C634T,C638T,C641T,C765T,C821T,C1067T,C1068T",3,"BC_TAAGCACAGTGACCTT","HSC_B7"
150,"BC_AAGTACCTCCATCAGA","C401T,C634T,C638T,C641T,C765T,C821T,C1067T,C1068T,C1345A",1,"BC_AAGTACCTCCATCAGA","HSC_B7"
124,"BC_TTCATTGCACGGTCTG","C401T,C634T,C638T,C641T,C828T",3,"BC_ATCGGCGAGCATACTC","HSC_B7"
124,"BC_ATCGGCGAGCATACTC","C401T,C634T,C638T,C641T,C828T",3,"BC_ATCGGCGAGCATACTC","HSC_B7"
124,"BC_CCCGGAACAGAACATA","C401T,C634T,C638T,C641T,C828T",3,"BC_ATCGGCGAGCATACTC","HSC_B7"
119,"BC_GTTACCCGTCTGATAC","C401T,C634T,C638T,C641T,C828T,A983G,C1345A",1,"BC_GTTACCCGTCTGATAC","HSC_B7"
118,"BC_GGTGAAGCACATACGT","C401T,C634T,C638T,C641T,C828T,C1345A",1,"BC_GGTGAAGCACATACGT","HSC_B7"
120,"BC_CCACCATGTATTCCGA","C401T,C634T,C638T,C641T,G745A,C828T,C1345T",1,"BC_CCACCATGTATTCCGA","HSC_B7"
127,"BC_ACCACAATCTAAGCGT","C401T,C634T,C638T,C641T,T1242C",1,"BC_ACCACAATCTAAGCGT","HSC_B7"
147,"BC_CTTCTAATCGCTCTAC","C401T,G492A,G585A,G586A,C634T,C638T,C641T,G827A,G829A,C1001T,C1067T,C1068T",1,"BC_CTTCTAATCGCTCTAC","HSC_B7"
144,"BC_ATTCATCAGTTGCCTA","C401T,G585A,G586A,C634T,C638T,C641T,C656A,G760A,G827A,G829A,C1001T,C1067T,C1068T,C1346A",1,"BC_ATTCATCAGTTGCCTA","HSC_B7"
145,"BC_GCAGTTAGTCGCATTA","C401T,G585A,G586A,C634T,C638T,C641T,G827A,G829A,C1001T,C1067T,C1068T,C1346T",2,"BC_GAGTCATAGTGATGGC","HSC_B7"
145,"BC_GAGTCATAGTGATGGC","C401T,G585A,G586A,C634T,C638T,C641T,G827A,G829A,C1001T,C1067T,C1068T,C1346T",2,"BC_GAGTCATAGTGATGGC","HSC_B7"
56,"BC_CTACAGACAGCTGTAT","C401T,T455C,C575T,C578T,C580T,C634T,C635T,C638T,C758T,C875T,C1346T",1,"BC_CTACAGACAGCTGTAT","HSC_B7"
134,"BC_GCCTGTTGTCCACACG","C401T,T463C,C634T,C638T,C641T,C1001T,C1067T,C1068T,C1345T",1,"BC_GCCTGTTGTCCACACG","HSC_B7"
478,"BC_CTGAATGAGCTCGACC","C401T,T498C,G610A,C631T,C634T,C638T,C641T,G757A,C765T,G900A,G918C,G976A,G1125A,G1126A",1,"BC_CTGAATGAGCTCGACC","HSC_B7"
104,"BC_AACGAAAAGGTTATAG","C401T,T571A,C634T,C638T,C641T,C665T,C828T,A872C,C1345A",1,"BC_AACGAAAAGGTTATAG","HSC_B7"
583,"BC_TCCACGTTCTCTGCTG","C407G,C1109T,C1115T,C1345T",1,"BC_TCCACGTTCTCTGCTG","HSC_B7"
402,"BC_CATGAGTAGCACTCAT","C416A,C656T,T697C,C758T,G823A,C1074A,A1092T,C1346T",1,"BC_CATGAGTAGCACTCAT","HSC_B7"
579,"BC_TAACACGTCTCAATCT","C418A",1,"BC_TAACACGTCTCAATCT","HSC_B7"
567,"BC_GACCGTGAGGCCTAGA","C418A,C521T,C538A,C1079A,G1118A,A1149G,C1346T",1,"BC_GACCGTGAGGCCTAGA","HSC_B7"
185,"BC_AGCATCATCTCGGTAA","C41T,C634T,C638T,C641T,C812T,C814T,C819T,C821T,C828T,C1116T,C1241T",1,"BC_AGCATCATCTCGGTAA","HSC_B7"
132,"BC_CCACTTGAGACCAGCA","C42T,C263T,C269T,C274T,C346T,C401T,C443T,C634T,C638T,C641T,A645G,C819T,C821T,C965T,C1001T,C1067T,C1068T,C1346T",1,"BC_CCACTTGAGACCAGCA","HSC_B7"
359,"BC_CATAAGCCAGCGGTCT","C42T,C758T,C814T,C819T,C1345T,C1346T",1,"BC_CATAAGCCAGCGGTCT","HSC_B7"
443,"BC_GTGTTCCGTGAGAGGG","C430A,G939A,G1190A,C1345T",1,"BC_GTGTTCCGTGAGAGGG","HSC_B7"
710,"BC_GGAGGATTCAGGACGA","C45A,C473T,C1026T,A1155G",1,"BC_GGAGGATTCAGGACGA","HSC_B7"
491,"BC_GATCATGCAGATAAAC","C461T,A462G,G886A,C1059T,G1125A,G1126A",1,"BC_GATCATGCAGATAAAC","HSC_B7"
362,"BC_TCCAGAAAGCCACCGT","C461T,A562G,C758T,C1345T,C1346T",1,"BC_TCCAGAAAGCCACCGT","HSC_B7"
658,"BC_TCATCATTCTCTAGGA","C461T,A621T,G1101A,G1210T,C1345T",1,"BC_TCATCATTCTCTAGGA","HSC_B7"
643,"BC_CATTTCAAGTCGGCAA","C461T,G1101A,A1228C",1,"BC_CATTTCAAGTCGGCAA","HSC_B7"
489,"BC_ATCGGCGAGCCGATTT","C461T,G827A,G829A,G886A,C1059T,G1125A,G1126A",1,"BC_ATCGGCGAGCCGATTT","HSC_B7"
492,"BC_CCTCAACTCAAGCCCG","C461T,G886A,C1059T,G1125A,G1126A",2,"BC_TAGGTTGAGCGTGCTC","HSC_B7"
492,"BC_TAGGTTGAGCGTGCTC","C461T,G886A,C1059T,G1125A,G1126A",2,"BC_TAGGTTGAGCGTGCTC","HSC_B7"
488,"BC_AGAACAATCCGTTGAA","C461T,G886A,C1059T,G1125A,G1126A,C1345T",1,"BC_AGAACAATCCGTTGAA","HSC_B7"
490,"BC_TAGGAGGCATGTGGCC","C461T,G886A,T899A,G1045T,C1059T,G1125A,G1126A,T1327A",1,"BC_TAGGAGGCATGTGGCC","HSC_B7"
49,"BC_CGTGCTTCAGAGGTAC","C46T,A49G,C109A,C194A,C575T,C578T,C580T,C634T,C635T,C638T,C758T,C985G,C1001G,A1143G,C1345A",1,"BC_CGTGCTTCAGAGGTAC","HSC_B7"
720,"BC_GTCGCGAGTGAACCGA","C473T",6,"BC_GTCGCGAGTGAACCGA","HSC_B7"
720,"BC_TCCGGGAGTATCGGTT","C473T",6,"BC_GTCGCGAGTGAACCGA","HSC_B7"
720,"BC_CTTCTCTAGAGCAAGA","C473T",6,"BC_GTCGCGAGTGAACCGA","HSC_B7"
720,"BC_AAGCGAGAGAAGGCTC","C473T",6,"BC_GTCGCGAGTGAACCGA","HSC_B7"
720,"BC_TACAACGCAACGATTC","C473T",6,"BC_GTCGCGAGTGAACCGA","HSC_B7"
720,"BC_TAGGAGGAGGGCAATC","C473T",6,"BC_GTCGCGAGTGAACCGA","HSC_B7"
722,"BC_GTCCACTCACTAGTAC","C473T,A543G,A655G,A663G,A1105G",1,"BC_GTCCACTCACTAGTAC","HSC_B7"
715,"BC_GAACTGTTCTTTGGAG","C473T,A559T,C578T,G703A,G736A,C821T,C828T,C1346G",1,"BC_GAACTGTTCTTTGGAG","HSC_B7"
716,"BC_AGAGAGCCAATGGGTG","C473T,A564T,C821T,G1186A",1,"BC_AGAGAGCCAATGGGTG","HSC_B7"
729,"BC_AGGACTTCATCACAGT","C473T,C1345A",1,"BC_AGGACTTCATCACAGT","HSC_B7"
707,"BC_GTGTCCTCAAGCGCAA","C473T,C578T,C870T,C875T",1,"BC_GTGTCCTCAAGCGCAA","HSC_B7"
706,"BC_TTTCAGTGTTGAGAGC","C473T,C578T,G766A,C870T,C875T",1,"BC_TTTCAGTGTTGAGAGC","HSC_B7"
705,"BC_CTCCGATCATGCTGCG","C473T,C578T,G766A,C870T,C875T,C1346T",1,"BC_CTCCGATCATGCTGCG","HSC_B7"
357,"BC_GCAGCTGAGTGCGACA","C473T,C756T,C758T,A1143G",2,"BC_GCAGCTGAGTGCGACA","HSC_B7"
357,"BC_TGCGGGTCAGATCATC","C473T,C756T,C758T,A1143G",2,"BC_GCAGCTGAGTGCGACA","HSC_B7"
713,"BC_GTCCTCACAAGGCCTC","C473T,C758T,C819T,C821T,C1345T,C1346T",1,"BC_GTCCTCACAAGGCCTC","HSC_B7"
712,"BC_AGCCAGCTCAAACCTG","C473T,C819T,C821T,C1345T",1,"BC_AGCCAGCTCAAACCTG","HSC_B7"
709,"BC_GTCACGGCACTTCCTG","C473T,C870T,C875T",1,"BC_GTCACGGCACTTCCTG","HSC_B7"
719,"BC_TCGAAGTAGCGCCCAT","C473T,C938T,C943T,C952T,A1274G",1,"BC_TCGAAGTAGCGCCCAT","HSC_B7"
723,"BC_TTCTAACGTCGAAGCA","C473T,G1077A",1,"BC_TTCTAACGTCGAAGCA","HSC_B7"
718,"BC_TCGAACACACGCGCTA","C473T,G495A,C700T,C1345T",1,"BC_TCGAACACACGCGCTA","HSC_B7"
726,"BC_ATTCAGGTCAACCGAT","C473T,G823A",1,"BC_ATTCAGGTCAACCGAT","HSC_B7"
704,"BC_CTGAGCGAGTTGCTGT","C473T,G856T,C870T,C875T,A1023G,A1164G",1,"BC_CTGAGCGAGTTGCTGT","HSC_B7"
727,"BC_GACAGCCAGCTCCATA","C473T,T1303C",1,"BC_GACAGCCAGCTCCATA","HSC_B7"
724,"BC_GTATTTCCAGTTGTCA","C473T,T701G,T899G,T997G,G1321A",1,"BC_GTATTTCCAGTTGTCA","HSC_B7"
714,"BC_AATGGCTTCCGTGACG","C4A,C473T,C819T,C821T",1,"BC_AATGGCTTCCGTGACG","HSC_B7"
465,"BC_GGCTTGGAGTATTAGG","C505T,C508T,A993C,C1346T",1,"BC_GGCTTGGAGTATTAGG","HSC_B7"
464,"BC_TGAGTCATCGCAGTTA","C505T,C508T,C887A",1,"BC_TGAGTCATCGCAGTTA","HSC_B7"
463,"BC_TTGCGTCTCTCTAAGG","C505T,C508T,T1094C,C1345A",1,"BC_TTGCGTCTCTCTAAGG","HSC_B7"
361,"BC_CCTTTGGGTTTCGTGA","C506T,C634T,G637A,C758T,C1345T,C1346T",1,"BC_CCTTTGGGTTTCGTGA","HSC_B7"
588,"BC_GCTGGGTAGTGGGAAA","C508T,A589C,C814T,C819T,C821T,C1102T",1,"BC_GCTGGGTAGTGGGAAA","HSC_B7"
765,"BC_TCATGCCAGTCCGCGT","C512A,C1345A",2,"BC_CTCATCGTCGCAACAT","HSC_B7"
765,"BC_CTCATCGTCGCAACAT","C512A,C1345A",2,"BC_CTCATCGTCGCAACAT","HSC_B7"
748,"BC_CTCGAGGTCTTCACAT","C516T,C518T,A543G,C698T,C700T,C710T,C758T",1,"BC_CTCGAGGTCTTCACAT","HSC_B7"
749,"BC_AATGACCAGGTTCTAC","C516T,C518T,A543G,C698T,C700T,C710T,C758T,A1231C",1,"BC_AATGACCAGGTTCTAC","HSC_B7"
745,"BC_GTAGTACAGTGCCGAA","C516T,C518T,A663G,C698T,C700T,C710T,C758T,A1023G,A1130C",1,"BC_GTAGTACAGTGCCGAA","HSC_B7"
734,"BC_CAATGACAGTATAGGT","C516T,C518T,A669T,C698T,C700T,C710T,C758T,G766A,C821T,G1126A,A1325T,C1346T",1,"BC_CAATGACAGTATAGGT","HSC_B7"
751,"BC_TCAATCTTCTTCTCAA","C516T,C518T,C602T,C698T,C700T,C710T,C758T",1,"BC_TCAATCTTCTTCTCAA","HSC_B7"
234,"BC_CATACCCAGACGAAGA","C516T,C518T,C634T,C638T,C641T,A878T,G1038A",1,"BC_CATACCCAGACGAAGA","HSC_B7"
746,"BC_TGATCAGTCCCGAGTG","C516T,C518T,C698T,C700T,A704C,C710T,C758T,C1191G",1,"BC_TGATCAGTCCCGAGTG","HSC_B7"
747,"BC_TCCTGCAAGCGCTTCG","C516T,C518T,C698T,C700T,C710T,C758T",1,"BC_TCCTGCAAGCGCTTCG","HSC_B7"
744,"BC_CTCAATTGTTGAGTCT","C516T,C518T,C698T,C700T,C710T,C758T,A840G",1,"BC_CTCAATTGTTGAGTCT","HSC_B7"
752,"BC_GATCCCTGTTACGGAG","C516T,C518T,C698T,C700T,C710T,C758T,C1345A",2,"BC_GATCCCTGTTACGGAG","HSC_B7"
752,"BC_GCTGAATGTCAGACGA","C516T,C518T,C698T,C700T,C710T,C758T,C1345A",2,"BC_GATCCCTGTTACGGAG","HSC_B7"
743,"BC_TCATACTAGTTGTAGA","C516T,C518T,C698T,C700T,C710T,C758T,C1346T",1,"BC_TCATACTAGTTGTAGA","HSC_B7"
731,"BC_CGTTGGGCACGGTAGA","C516T,C518T,C698T,C700T,C710T,C758T,G766A,C821T,A909G,G1126A,T1160A,C1345A",1,"BC_CGTTGGGCACGGTAGA","HSC_B7"
738,"BC_TTGTGGATCCTACGAA","C516T,C518T,C698T,C700T,C710T,C758T,G766A,C821T,G1126A",1,"BC_TTGTGGATCCTACGAA","HSC_B7"
736,"BC_GGGCTACAGTTCCGGC","C516T,C518T,C698T,C700T,C710T,C758T,G766A,C821T,G1126A,A1274T",1,"BC_GGGCTACAGTTCCGGC","HSC_B7"
732,"BC_GAATCACCATACGCAT","C516T,C518T,C698T,C700T,C710T,C758T,G766A,C821T,G1126A,C1345T",1,"BC_GAATCACCATACGCAT","HSC_B7"
733,"BC_GTCTTTAAGTCGGCCT","C516T,C518T,C698T,C700T,C710T,C758T,G766A,C821T,G1126A,T1284A,C1345T",1,"BC_GTCTTTAAGTCGGCCT","HSC_B7"
730,"BC_TTACGTTGTTCTCCCA","C516T,C518T,C698T,C700T,C710T,C758T,G766A,C821T,G1126A,T1313C,C1345A",1,"BC_TTACGTTGTTCTCCCA","HSC_B7"
741,"BC_AGTAACCAGACCCTTA","C516T,C518T,C698T,C700T,C710T,C758T,G766A,G1126A",2,"BC_AGTAACCAGACCCTTA","HSC_B7"
741,"BC_ACCGTTCCATTCGATG","C516T,C518T,C698T,C700T,C710T,C758T,G766A,G1126A",2,"BC_AGTAACCAGACCCTTA","HSC_B7"
735,"BC_CTTACCGCAGGATTCT","C516T,C518T,C698T,C700T,C710T,C758T,G766A,T770A,C821T,G1126A",1,"BC_CTTACCGCAGGATTCT","HSC_B7"
750,"BC_GGGCTCACAATGTCAC","C516T,C518T,G577A,C698T,C700T,C710T,C758T",1,"BC_GGGCTCACAATGTCAC","HSC_B7"
541,"BC_AGCGCCACAACCCGCA","C516T,C578T,C592T",1,"BC_AGCGCCACAACCCGCA","HSC_B7"
543,"BC_TGACAGTGTACAAGCG","C516T,C578T,C592T,T1218C",1,"BC_TGACAGTGTACAAGCG","HSC_B7"
763,"BC_GACCCAGTCGTGTTCC","C518T,C590T,T1051A,C1345A",1,"BC_GACCCAGTCGTGTTCC","HSC_B7"
568,"BC_TAACACGAGTAGGTTA","C521T,C538A,C882T",1,"BC_TAACACGAGTAGGTTA","HSC_B7"
226,"BC_TTCCTTCGTAGTGGCA","C521T,C634T,C638T,C641T",1,"BC_TTCCTTCGTAGTGGCA","HSC_B7"
228,"BC_ACAGCCGCATTGACCA","C521T,C634T,C638T,C641T,A704T,T739A,T871A",1,"BC_ACAGCCGCATTGACCA","HSC_B7"
143,"BC_TTGAACGAGCCTTTGA","C521T,C634T,C638T,C641T,C821T,G827A,G829A,C1001T,C1067T,C1068T,C1345T",1,"BC_TTGAACGAGCCTTTGA","HSC_B7"
756,"BC_TTTGGTTCAGCAGTAG","C521T,G577A,A663G,C665T,C667T,C821T,G1119A,C1181T,C1345T",1,"BC_TTTGGTTCAGCAGTAG","HSC_B7"
141,"BC_TGGGAAGGTCAGTCGC","C521T,G585A,C634T,C638T,C641T,G823A,G827A,G829A,C1001T,C1067T,C1068T,T1117C",1,"BC_TGGGAAGGTCAGTCGC","HSC_B7"
701,"BC_GCACGTGAGCAAGTGC","C538A,G585A,G586A",1,"BC_GCACGTGAGCAAGTGC","HSC_B7"
441,"BC_GTGTAACGTATCACGT","C546A,G939A,C1345A",1,"BC_GTGTAACGTATCACGT","HSC_B7"
36,"BC_TGACAGTAGATGGGCT","C575T,C578T,C580T,C590T,C634T,C635T,C638T,C758T,G1006A,G1158A,C1217A",1,"BC_TGACAGTAGATGGGCT","HSC_B7"
31,"BC_CATCGGGAGATGCTAA","C575T,C578T,C580T,C634T,C635T,C638T,A663G,C758T,C814T,C815T,C819T,C821T,C828T,G1006A",1,"BC_CATCGGGAGATGCTAA","HSC_B7"
21,"BC_GCATCTCGTCCTGTCT","C575T,C578T,C580T,C634T,C635T,C638T,A733C,C758T,C1223A",1,"BC_GCATCTCGTCCTGTCT","HSC_B7"
67,"BC_CGAGAAGAGATAGCTA","C575T,C578T,C580T,C634T,C635T,C638T,C758T",2,"BC_CGAGAAGAGATAGCTA","HSC_B7"
67,"BC_TTCTAACCAGGTGACA","C575T,C578T,C580T,C634T,C635T,C638T,C758T",2,"BC_CGAGAAGAGATAGCTA","HSC_B7"
35,"BC_CCATAAGGTGGATCAG","C575T,C578T,C580T,C634T,C635T,C638T,C758T,A930G,G1006A",1,"BC_CCATAAGGTGGATCAG","HSC_B7"
59,"BC_GGGATCCAGATAGCAT","C575T,C578T,C580T,C634T,C635T,C638T,C758T,C1345A",1,"BC_GGGATCCAGATAGCAT","HSC_B7"
57,"BC_TTTACCAGTCTACGAT","C575T,C578T,C580T,C634T,C635T,C638T,C758T,C1345G",1,"BC_TTTACCAGTCTACGAT","HSC_B7"
61,"BC_TTGGGCGCAGTCCCGA","C575T,C578T,C580T,C634T,C635T,C638T,C758T,C1345T",1,"BC_TTGGGCGCAGTCCCGA","HSC_B7"
30,"BC_TGGCGTGTCACCCTCA","C575T,C578T,C580T,C634T,C635T,C638T,C758T,C814T,C815T,C819T,C821T,C828T,G955A,G1006A,T1265G",1,"BC_TGGCGTGTCACCCTCA","HSC_B7"
33,"BC_GCATCTCCACCTCTGT","C575T,C578T,C580T,C634T,C635T,C638T,C758T,C821T,G1006A",1,"BC_GCATCTCCACCTCTGT","HSC_B7"
45,"BC_ACGTTCCAGGCTAAAT","C575T,C578T,C580T,C634T,C635T,C638T,C758T,C985G,C1001G",4,"BC_ATCGGCGGTGCCTAAT","HSC_B7"
45,"BC_GTGGTTATCTCGTGGG","C575T,C578T,C580T,C634T,C635T,C638T,C758T,C985G,C1001G",4,"BC_ATCGGCGGTGCCTAAT","HSC_B7"
45,"BC_ATCGGCGGTGCCTAAT","C575T,C578T,C580T,C634T,C635T,C638T,C758T,C985G,C1001G",4,"BC_ATCGGCGGTGCCTAAT","HSC_B7"
45,"BC_CTGGTCTCAACTGCTA","C575T,C578T,C580T,C634T,C635T,C638T,C758T,C985G,C1001G",4,"BC_ATCGGCGGTGCCTAAT","HSC_B7"
48,"BC_ACCAAACCAACAGATA","C575T,C578T,C580T,C634T,C635T,C638T,C758T,C985G,C1001G,C1345A",1,"BC_ACCAAACCAACAGATA","HSC_B7"
47,"BC_AGAGCCCGTTGTGCCG","C575T,C578T,C580T,C634T,C635T,C638T,C758T,C985G,C1001G,C1345T",3,"BC_AGAGCCCGTTGTGCCG","HSC_B7"
47,"BC_TGAGACTCACTGAGGA","C575T,C578T,C580T,C634T,C635T,C638T,C758T,C985G,C1001G,C1345T",3,"BC_AGAGCCCGTTGTGCCG","HSC_B7"
47,"BC_GTTCATTGTCTTTCAT","C575T,C578T,C580T,C634T,C635T,C638T,C758T,C985G,C1001G,C1345T",3,"BC_AGAGCCCGTTGTGCCG","HSC_B7"
51,"BC_CCGGTGAGTTTCGGCG","C575T,C578T,C580T,C634T,C635T,C638T,C758T,C985G,C1001G,C1346T",1,"BC_CCGGTGAGTTTCGGCG","HSC_B7"
23,"BC_TCTATACCAGCGTTTA","C575T,C578T,C580T,C634T,C635T,C638T,C758T,G1006A",9,"BC_TAGATCGGTACGACAG","HSC_B7"
23,"BC_AATGGAAAGGTGGGTT","C575T,C578T,C580T,C634T,C635T,C638T,C758T,G1006A",9,"BC_TAGATCGGTACGACAG","HSC_B7"
23,"BC_CCCGAAGCAATCGCAT","C575T,C578T,C580T,C634T,C635T,C638T,C758T,G1006A",9,"BC_TAGATCGGTACGACAG","HSC_B7"
23,"BC_GAATAGACATCCGAAT","C575T,C578T,C580T,C634T,C635T,C638T,C758T,G1006A",9,"BC_TAGATCGGTACGACAG","HSC_B7"
23,"BC_TAGATCGGTACGACAG","C575T,C578T,C580T,C634T,C635T,C638T,C758T,G1006A",9,"BC_TAGATCGGTACGACAG","HSC_B7"
23,"BC_GCTCAAATCGTCTACC","C575T,C578T,C580T,C634T,C635T,C638T,C758T,G1006A",9,"BC_TAGATCGGTACGACAG","HSC_B7"
23,"BC_TATCGCCTCGGTTCAA","C575T,C578T,C580T,C634T,C635T,C638T,C758T,G1006A",9,"BC_TAGATCGGTACGACAG","HSC_B7"
23,"BC_TTTACTGCACCATAAC","C575T,C578T,C580T,C634T,C635T,C638T,C758T,G1006A",9,"BC_TAGATCGGTACGACAG","HSC_B7"
23,"BC_CGAGTTAGTTGGGATG","C575T,C578T,C580T,C634T,C635T,C638T,C758T,G1006A",9,"BC_TAGATCGGTACGACAG","HSC_B7"
22,"BC_CATGCTCAGATGTAGT","C575T,C578T,C580T,C634T,C635T,C638T,C758T,G1006A,A1228C,A1233C",1,"BC_CATGCTCAGATGTAGT","HSC_B7"
27,"BC_CGTCCATGTTTACTGG","C575T,C578T,C580T,C634T,C635T,C638T,C758T,G1006A,C1345A",1,"BC_CGTCCATGTTTACTGG","HSC_B7"
26,"BC_CGCATGGCAGGTGGAT","C575T,C578T,C580T,C634T,C635T,C638T,C758T,G1006A,T1330C,C1345A",1,"BC_CGCATGGCAGGTGGAT","HSC_B7"
54,"BC_GGGTCTGAGGAGCTGT","C575T,C578T,C580T,C634T,C635T,C638T,C758T,G1125T,G1126A",2,"BC_GATGGAGTCAGAATAG","HSC_B7"
54,"BC_GATGGAGTCAGAATAG","C575T,C578T,C580T,C634T,C635T,C638T,C758T,G1125T,G1126A",2,"BC_GATGGAGTCAGAATAG","HSC_B7"
53,"BC_CATGGTAAGCCGGAAT","C575T,C578T,C580T,C634T,C635T,C638T,C758T,G1125T,G1126A,C1345A",1,"BC_CATGGTAAGCCGGAAT","HSC_B7"
44,"BC_AGTGACTAGTTTGTCG","C575T,C578T,C580T,C634T,C635T,C638T,C758T,G926T,C985G,C1001G,G1283A",1,"BC_AGTGACTAGTTTGTCG","HSC_B7"
60,"BC_GGTAACTCACTTCTCG","C575T,C578T,C580T,C634T,C635T,C638T,C758T,T1206A,C1345T",1,"BC_GGTAACTCACTTCTCG","HSC_B7"
66,"BC_CCTTGTGGTACTGCCG","C575T,C578T,C580T,C634T,C635T,C638T,G752A,C758T",1,"BC_CCTTGTGGTACTGCCG","HSC_B7"
40,"BC_GACTGATTCGTAGCTA","C575T,C578T,C580T,C634T,C635T,C638T,G752A,G762A,G766A,A878T,G1006A,A1049T",1,"BC_GACTGATTCGTAGCTA","HSC_B7"
39,"BC_GTTAGACTCTATACGG","C575T,C578T,C580T,C634T,C635T,C638T,G752A,G762A,G766A,G1006A",1,"BC_GTTAGACTCTATACGG","HSC_B7"
46,"BC_TGTAACGTCGAAGGAC","C575T,C578T,C580T,C634T,C635T,C638T,T707C,C758T,C985G,C1001G,C1345T",1,"BC_TGTAACGTCGAAGGAC","HSC_B7"
70,"BC_CAGTTAGCATGCAGGA","C575T,C578T,C580T,C638T,C641T,C743T,C758T,G858A",1,"BC_CAGTTAGCATGCAGGA","HSC_B7"
72,"BC_CGGAGAAGTCTCGGGT","C575T,C578T,C580T,G595A,C631T,C634T,C638T,G640A,A783G,G955A",1,"BC_CGGAGAAGTCTCGGGT","HSC_B7"
71,"BC_GCTACAAAGAGTCAGC","C575T,C578T,C580T,G595A,C634T,C638T,G640A,A783G,G955A",1,"BC_GCTACAAAGAGTCAGC","HSC_B7"
73,"BC_TTGGGTACACCTCTGT","C575T,C578T,C583T,A591G,C634T,C638T,C756T,C819T,C821T,C943T,C952T,G1006A",1,"BC_TTGGGTACACCTCTGT","HSC_B7"
80,"BC_TGTAACGAGGTAGTCG","C575T,C578T,C583T,A633G,G1006A",1,"BC_TGTAACGAGGTAGTCG","HSC_B7"
93,"BC_GTCCCATTCCTCCACA","C575T,C578T,C583T,A783G,G1006A",1,"BC_GTCCCATTCCTCCACA","HSC_B7"
94,"BC_CCGCAAGTCGTTGTTT","C575T,C578T,C583T,C626T,G1006A",1,"BC_CCGCAAGTCGTTGTTT","HSC_B7"
74,"BC_CGTGTCTCAACCGACC","C575T,C578T,C583T,C634T,C638T,C756T,A801G,C819T,C821T,C943T,C952T,G1006A,T1243A,C1346G",1,"BC_CGTGTCTCAACCGACC","HSC_B7"
77,"BC_TAACCAGCAAGTTGGG","C575T,C578T,C583T,C634T,C638T,C943T,C952T,G1006A",1,"BC_TAACCAGCAAGTTGGG","HSC_B7"
81,"BC_GTATTTCGTGGTTTGT","C575T,C578T,C583T,G1006A",2,"BC_GTATTTCGTGGTTTGT","HSC_B7"
81,"BC_TGTAACGGTACGATCT","C575T,C578T,C583T,G1006A",2,"BC_GTATTTCGTGGTTTGT","HSC_B7"
83,"BC_CTCCACATCTTGATTC","C575T,C578T,C583T,G1006A,C1345T",1,"BC_CTCCACATCTTGATTC","HSC_B7"
86,"BC_AACACACCACTACTTT","C575T,C578T,C583T,G1006A,G1036T,C1345T",1,"BC_AACACACCACTACTTT","HSC_B7"
90,"BC_TACTTACGTCGACTGC","C575T,C578T,C583T,T994C,G1006A,A1272C",1,"BC_TACTTACGTCGACTGC","HSC_B7"
341,"BC_CATGCGGCAGCTACTA","C575T,C578T,G595A,C634T,C746T,C756T,C758T,A822T,C1001T,C1346T",1,"BC_CATGCGGCAGCTACTA","HSC_B7"
340,"BC_GTGTGGCTCTTGGTGA","C575T,C578T,G595A,C634T,C746T,C756T,C758T,C1001T",3,"BC_GTTGTAGGTGTCCGGT","HSC_B7"
340,"BC_GTTATGGAGGACATCG","C575T,C578T,G595A,C634T,C746T,C756T,C758T,C1001T",3,"BC_GTTGTAGGTGTCCGGT","HSC_B7"
340,"BC_GTTGTAGGTGTCCGGT","C575T,C578T,G595A,C634T,C746T,C756T,C758T,C1001T",3,"BC_GTTGTAGGTGTCCGGT","HSC_B7"
590,"BC_TCATCCGCAGAGTAAT","C575T,C814T,C819T,C821T,C1059T",1,"BC_TCATCCGCAGAGTAAT","HSC_B7"
591,"BC_TGAGGAGGTATCAGGG","C575T,C814T,C819T,C821T,C1059T,C1345T",1,"BC_TGAGGAGGTATCAGGG","HSC_B7"
540,"BC_TCCTCGAAGGTGTGAC","C578T",1,"BC_TCCTCGAAGGTGTGAC","HSC_B7"
545,"BC_CGAGGCTGTCTACTGA","C578T,G823A,C1068A,A1320C",1,"BC_CGAGGCTGTCTACTGA","HSC_B7"
760,"BC_GTCACGGAGCCTAACT","C590T,G637A,G827A,G837A",1,"BC_GTCACGGAGCCTAACT","HSC_B7"
761,"BC_CCTTGTGGTAGCGCTC","C590T,G637A,G827A,G837A,T1008C,C1345A",1,"BC_CCTTGTGGTAGCGCTC","HSC_B7"
759,"BC_AATCACGTCCTACTGC","C590T,G637A,T770A,G827A,G837A,A1233T,C1346T",1,"BC_AATCACGTCCTACTGC","HSC_B7"
774,"BC_TTCGCTGGTCAGGAGT","C619A,A1135G,C1345A",1,"BC_TTCGCTGGTCAGGAGT","HSC_B7"
581,"BC_CAACCAACATAATGCC","C626T,C1115T,C1345T",2,"BC_CTTTCAAAGAGGTCAC","HSC_B7"
581,"BC_CTTTCAAAGAGGTCAC","C626T,C1115T,C1345T",2,"BC_CTTTCAAAGAGGTCAC","HSC_B7"
156,"BC_AAGTACCCATCTCAAG","C631T,C634T,C635T,C638T,C641T,C765T,G823A,G886A,C1067T,C1068T,C1345T",1,"BC_AAGTACCCATCTCAAG","HSC_B7"
222,"BC_GACACGCGTCGGAAAC","C634T,C638T,C641T",5,"BC_TTTCATGGTATCTTCT","HSC_B7"
222,"BC_TTTCATGGTATCTTCT","C634T,C638T,C641T",5,"BC_TTTCATGGTATCTTCT","HSC_B7"
222,"BC_GGGATCCAGTTAGAAC","C634T,C638T,C641T",5,"BC_TTTCATGGTATCTTCT","HSC_B7"
222,"BC_AAGCGTTGTCCAGCCA","C634T,C638T,C641T",5,"BC_TTTCATGGTATCTTCT","HSC_B7"
222,"BC_AGATCGTAGAAAGCGA","C634T,C638T,C641T",5,"BC_TTTCATGGTATCTTCT","HSC_B7"
221,"BC_TTCTAACGTCGTATTG","C634T,C638T,C641T,A1231C",1,"BC_TTCTAACGTCGTATTG","HSC_B7"
160,"BC_AAATGGAGTGAGGATC","C634T,C638T,C641T,A663G,C1067T,C1068T,C1109T,C1346T",2,"BC_AAATGGAGTGAGGATC","HSC_B7"
160,"BC_TGACGCGAGAAGATCT","C634T,C638T,C641T,A663G,C1067T,C1068T,C1109T,C1346T",2,"BC_AAATGGAGTGAGGATC","HSC_B7"
189,"BC_CATTTCAGTGCAATAA","C634T,C638T,C641T,A663G,G766A,C812T,C814T,C819T,C821T",2,"BC_CGGCAGTCACTACCCT","HSC_B7"
189,"BC_CGGCAGTCACTACCCT","C634T,C638T,C641T,A663G,G766A,C812T,C814T,C819T,C821T",2,"BC_CGGCAGTCACTACCCT","HSC_B7"
175,"BC_TTGTTGTTCAGAACCT","C634T,C638T,C641T,C1001T",1,"BC_TTGTTGTTCAGAACCT","HSC_B7"
168,"BC_GGAATGGGTTTACTTC","C634T,C638T,C641T,C1001T,A1023G",1,"BC_GGAATGGGTTTACTTC","HSC_B7"
169,"BC_CTCACTGAGTTGCGAG","C634T,C638T,C641T,C1001T,A1023G,A1083T",1,"BC_CTCACTGAGTTGCGAG","HSC_B7"
174,"BC_AAAGGATTCAATCTTC","C634T,C638T,C641T,C1001T,C1345A",1,"BC_AAAGGATTCAATCTTC","HSC_B7"
171,"BC_TGCAGATGTCGCACAC","C634T,C638T,C641T,C1001T,G1186A",1,"BC_TGCAGATGTCGCACAC","HSC_B7"
176,"BC_GTGGCGTAGGCACTAG","C634T,C638T,C641T,C1001T,T1011C",1,"BC_GTGGCGTAGGCACTAG","HSC_B7"
218,"BC_TGGTAGTCAGTGAGCA","C634T,C638T,C641T,C1059T,C1065T",2,"BC_ATCCACCGTCAAGTTC","HSC_B7"
218,"BC_ATCCACCGTCAAGTTC","C634T,C638T,C641T,C1059T,C1065T",2,"BC_ATCCACCGTCAAGTTC","HSC_B7"
161,"BC_CACTGAACAACGATTC","C634T,C638T,C641T,C1067T,C1068T,C1109T,C1345T",1,"BC_CACTGAACAACGATTC","HSC_B7"
162,"BC_CGCCATTAGCTAGAGC","C634T,C638T,C641T,C1067T,C1068T,G1152A,G1157A,G1166A,C1345T",1,"BC_CGCCATTAGCTAGAGC","HSC_B7"
210,"BC_ATGCATGGTGTTGACT","C634T,C638T,C641T,C1079T,C1345A",1,"BC_ATGCATGGTGTTGACT","HSC_B7"
213,"BC_CGGAGAAAGTTTGAGA","C634T,C638T,C641T,C1345T",1,"BC_CGGAGAAAGTTTGAGA","HSC_B7"
178,"BC_TATCGCCGTATCGTTG","C634T,C638T,C641T,C1345T,C1346T",1,"BC_TATCGCCGTATCGTTG","HSC_B7"
179,"BC_CTGCCTACAACACACT","C634T,C638T,C641T,C1346T",2,"BC_CTGCCTACAACACACT","HSC_B7"
179,"BC_TCACAAGTCTCATGGA","C634T,C638T,C641T,C1346T",2,"BC_CTGCCTACAACACACT","HSC_B7"
136,"BC_TCAAGTGCACTAGGCC","C634T,C638T,C641T,C756T,C758T,C1001T,C1067T,C1068T,A1149G,A1228C",1,"BC_TCAAGTGCACTAGGCC","HSC_B7"
137,"BC_ATGGGTTTCCGTGTGG","C634T,C638T,C641T,C756T,C758T,C1001T,C1067T,C1068T,C1345A",2,"BC_ATGGGTTTCCGTGTGG","HSC_B7"
137,"BC_TATCCTACACGCTATA","C634T,C638T,C641T,C756T,C758T,C1001T,C1067T,C1068T,C1345A",2,"BC_ATGGGTTTCCGTGTGG","HSC_B7"
139,"BC_CTACATTAGCCGAACA","C634T,C638T,C641T,C756T,C758T,C1001T,C1067T,C1068T,T1273G",1,"BC_CTACATTAGCCGAACA","HSC_B7"
140,"BC_AGTTAGCAGGTCTTTG","C634T,C638T,C641T,C756T,C758T,C1001T,C1067T,C1068T,T1312A",1,"BC_AGTTAGCAGGTCTTTG","HSC_B7"
400,"BC_ACGATCACAAGGTCTT","C634T,C638T,C641T,C758T,G823A,G827A,C1001T,C1345A",1,"BC_ACGATCACAAGGTCTT","HSC_B7"
187,"BC_TCTCCGAAGTAAGCAT","C634T,C638T,C641T,C812T,C814T,C819T,C821T,C828T,C1116T",1,"BC_TCTCCGAAGTAAGCAT","HSC_B7"
186,"BC_TTTCCTCAGTCGGCCT","C634T,C638T,C641T,C812T,C814T,C819T,C821T,C828T,C1116T,C1346T",1,"BC_TTTCCTCAGTCGGCCT","HSC_B7"
193,"BC_ACTCTCGTCTCCAAGA","C634T,C638T,C641T,C819T,C821T,C1345A",1,"BC_ACTCTCGTCTCCAAGA","HSC_B7"
194,"BC_GCGTGCAAGATACTGA","C634T,C638T,C641T,C819T,C821T,G951A",1,"BC_GCGTGCAAGATACTGA","HSC_B7"
114,"BC_TCATCATGTCTCAGAT","C634T,C638T,C641T,C828T,G1125A,C1346T",1,"BC_TCATCATGTCTCAGAT","HSC_B7"
215,"BC_TTTGGAGGTTAGGGAC","C634T,C638T,C641T,C870T",1,"BC_TTTGGAGGTTAGGGAC","HSC_B7"
223,"BC_TCGACCTTCTCGCTTG","C634T,C638T,C641T,G757A,G1285A,G1326A",1,"BC_TCGACCTTCTCGCTTG","HSC_B7"
190,"BC_AAAGGATCATTGGCAT","C634T,C638T,C641T,G766A,C812T,C814T,C819T,C821T",2,"BC_AAAGGATCATTGGCAT","HSC_B7"
190,"BC_GTGTTCCAGCAAGGAA","C634T,C638T,C641T,G766A,C812T,C814T,C819T,C821T",2,"BC_AAAGGATCATTGGCAT","HSC_B7"
196,"BC_CGTTCTGCACTACGGC","C634T,C638T,C641T,G829A,G1006A",1,"BC_CGTTCTGCACTACGGC","HSC_B7"
224,"BC_GGTTGTAAGGCCCAAA","C634T,C638T,C641T,T1090A",1,"BC_GGTTGTAAGGCCCAAA","HSC_B7"
188,"BC_TGTGAGTTCTACTGCC","C634T,C638T,C641T,T680G,G766A,C812T,C814T,C819T,C821T,C1345A",1,"BC_TGTGAGTTCTACTGCC","HSC_B7"
235,"BC_AGACCATCACCGCTGA","C634T,C638T,G640A,G820A",1,"BC_AGACCATCACCGCTGA","HSC_B7"
425,"BC_CACTGGGCACATGACT","C634T,C832T,G1006A,G1069A",1,"BC_CACTGGGCACATGACT","HSC_B7"
483,"BC_CTCCAACGTTTACGAC","C638T,C641T,C756A,C765T,C1286T,C1345A",1,"BC_CTCCAACGTTTACGAC","HSC_B7"
401,"BC_TGCGGCATCTGTGCTC","C638T,C641T,C758T,G823A,G827A,G829A,C1345A",1,"BC_TGCGGCATCTGTGCTC","HSC_B7"
470,"BC_CGTTCTGTCACTGCTC","C638T,G757A,G760A,C995T,C1004T,C1345A",1,"BC_CGTTCTGTCACTGCTC","HSC_B7"
403,"BC_ATCCTATCACTGTGAT","C656T,C758T,G823A",1,"BC_ATCCTATCACTGTGAT","HSC_B7"
399,"BC_GTACAGTAGCGGACAT","C656T,C758T,G823A,G827A,G829A,G835A,G837A,G838A",2,"BC_CTGAGCGAGTGAGTGC","HSC_B7"
399,"BC_CTGAGCGAGTGAGTGC","C656T,C758T,G823A,G827A,G829A,G835A,G837A,G838A",2,"BC_CTGAGCGAGTGAGTGC","HSC_B7"
398,"BC_TCTTGCGTCTAGTCAG","C656T,C758T,G823A,G827A,G829A,G835A,G837A,G838A,C1345A",1,"BC_TCTTGCGTCTAGTCAG","HSC_B7"
686,"BC_GTAGGTTCAGACGGAT","C6T,G585A,G586A,T811G,T842G,C1345T",1,"BC_GTAGGTTCAGACGGAT","HSC_B7"
484,"BC_CGGGACTAGACATCAA","C725A,C756A,C765T",2,"BC_GCCCGAAGTCACAGTT","HSC_B7"
484,"BC_GCCCGAAGTCACAGTT","C725A,C756A,C765T",2,"BC_GCCCGAAGTCACAGTT","HSC_B7"
769,"BC_TCTTTGAAGACATATG","C725T",1,"BC_TCTTTGAAGACATATG","HSC_B7"
771,"BC_TGCAGATGTTTGTTCT","C725T,C1345A",1,"BC_TGCAGATGTTTGTTCT","HSC_B7"
346,"BC_TGGGAGACAATACGAA","C746T,C749T,C756T,C758T,G1101A,C1345A",1,"BC_TGGGAGACAATACGAA","HSC_B7"
353,"BC_TGATTCTGTCCATCTC","C746T,C756T,C758T",3,"BC_ACGGTTATCTCTCGAC","HSC_B7"
353,"BC_ACGGTTATCTCTCGAC","C746T,C756T,C758T",3,"BC_ACGGTTATCTCTCGAC","HSC_B7"
353,"BC_ACCGTTCCATGAAGCG","C746T,C756T,C758T",3,"BC_ACGGTTATCTCTCGAC","HSC_B7"
351,"BC_GTAGTACAGTGTCATC","C746T,C756T,C758T,A1340C,C1345T",1,"BC_GTAGTACAGTGTCATC","HSC_B7"
349,"BC_GGGCTCATCACTCACC","C746T,C756T,C758T,C1345T",2,"BC_GGGCTCATCACTCACC","HSC_B7"
349,"BC_CCCTTAGCATGAATCC","C746T,C756T,C758T,C1345T",2,"BC_GGGCTCATCACTCACC","HSC_B7"
486,"BC_GAAGGGTGTGTGTGTT","C746T,C765T,G1069T,G1101A",2,"BC_GAAGGGTGTGTGTGTT","HSC_B7"
486,"BC_TGGAGAGGTGTGAATA","C746T,C765T,G1069T,G1101A",2,"BC_GAAGGGTGTGTGTGTT","HSC_B7"
580,"BC_CTGTGAAAGCCTCATA","C749T,A1071G",1,"BC_CTGTGAAAGCCTCATA","HSC_B7"
365,"BC_CACTGGGAGACGTCGA","C749T,C758T,C1345T",1,"BC_CACTGGGAGACGTCGA","HSC_B7"
624,"BC_TTTGTTGCAACTGCTA","C756T,C758T,A1023G,G1101A,T1133A",1,"BC_TTTGTTGCAACTGCTA","HSC_B7"
625,"BC_AAAGGTACAACGGCCT","C756T,C758T,A1023G,T1054C,G1101A",1,"BC_AAAGGTACAACGGCCT","HSC_B7"
626,"BC_TTGAACGAGTGGTGGT","C756T,C758T,A873C,G1101A,A1124C",1,"BC_TTGAACGAGTGGTGGT","HSC_B7"
623,"BC_TCCGGGAAGCGAGTCA","C756T,C758T,C1004T,C1067T,G1101A,T1224C,C1345A",1,"BC_TCCGGGAAGCGAGTCA","HSC_B7"
627,"BC_TACCTGCCAGGACTAG","C756T,C758T,G1101A",1,"BC_TACCTGCCAGGACTAG","HSC_B7"
355,"BC_TACAGGTTCTAGTGTG","C756T,C758T,G823C,C1115A,C1345T",1,"BC_TACAGGTTCTAGTGTG","HSC_B7"
383,"BC_TCAATCTGTCAACCAT","C758T",2,"BC_TCAATCTGTCAACCAT","HSC_B7"
383,"BC_AAGTCGTAGCAGTACG","C758T",2,"BC_TCAATCTGTCAACCAT","HSC_B7"
407,"BC_TGAGGTTCACTACTTT","C758T,A1088C,A1161C,T1327C",1,"BC_TGAGGTTCACTACTTT","HSC_B7"
374,"BC_CGAGTGCCAAAGGCAC","C758T,A791G,C867T,C875T,C882T",1,"BC_CGAGTGCCAAAGGCAC","HSC_B7"
364,"BC_GAAATGAAGGTGCTAG","C758T,A903G,T1168G,G1215T,C1346T",1,"BC_GAAATGAAGGTGCTAG","HSC_B7"
621,"BC_TACGTCCGTCTTCGAA","C758T,C1059T,C1060T,C1067T,G1101A",1,"BC_TACGTCCGTCTTCGAA","HSC_B7"
386,"BC_GTGTTCCAGTGGTCAG","C758T,C1060T,C1345A",1,"BC_GTGTTCCAGTGGTCAG","HSC_B7"
384,"BC_GTTGAACGTTAAACAG","C758T,C1345A",1,"BC_GTTGAACGTTAAACAG","HSC_B7"
367,"BC_ACACAGTCAACAGCCC","C758T,C1345T",1,"BC_ACACAGTCAACAGCCC","HSC_B7"
382,"BC_CGTAATGAGGATCATA","C758T,C765T,C875T",1,"BC_CGTAATGAGGATCATA","HSC_B7"
391,"BC_GGGACTCTCCACTGGG","C758T,C814T,G939A,G1006A",1,"BC_GGGACTCTCCACTGGG","HSC_B7"
377,"BC_GTATTGGGTGTGCCTG","C758T,C867T,C875T,C882T",1,"BC_GTATTGGGTGTGCCTG","HSC_B7"
372,"BC_CCCTCAACAGTAGGAC","C758T,C867T,C875T,C882T,A924C,C1345T",1,"BC_CCCTCAACAGTAGGAC","HSC_B7"
370,"BC_TTCTAGTGTAGCACAG","C758T,C867T,C875T,C882T,C1345A",2,"BC_GATCAGTCATCCGATA","HSC_B7"
370,"BC_GATCAGTCATCCGATA","C758T,C867T,C875T,C882T,C1345A",2,"BC_GATCAGTCATCCGATA","HSC_B7"
371,"BC_TTTCATGAGTTCATGC","C758T,C867T,C875T,C882T,C1345T",1,"BC_TTTCATGAGTTCATGC","HSC_B7"
369,"BC_CAACCAAAGGCGTTGA","C758T,C867T,C875T,C882T,G1283A,C1345A",1,"BC_CAACCAAAGGCGTTGA","HSC_B7"
381,"BC_ACTGCAAAGCAGCACA","C758T,C875T",2,"BC_CTTCTCTAGAACGTGC","HSC_B7"
381,"BC_CTTCTCTAGAACGTGC","C758T,C875T",2,"BC_CTTCTCTAGAACGTGC","HSC_B7"
380,"BC_TGATCTTGTAGAGATT","C758T,C875T,C1345A",1,"BC_TGATCTTGTAGAGATT","HSC_B7"
379,"BC_TGTGATGCAGCCGTTG","C758T,C875T,T1094C",1,"BC_TGTGATGCAGCCGTTG","HSC_B7"
628,"BC_AAGTACCAGACAGCGT","C758T,C882A,G1101A,T1128A,C1315T",1,"BC_AAGTACCAGACAGCGT","HSC_B7"
378,"BC_AGGCTGCGTAAGTTGA","C758T,T834A,C867T,C875T,C882T,C1097A",1,"BC_AGGCTGCGTAAGTTGA","HSC_B7"
389,"BC_CTCTGGTTCCACCTGT","C758T,T879G,G1006A,T1021G,G1069C,C1345A",1,"BC_CTCTGGTTCCACCTGT","HSC_B7"
487,"BC_GGCTTGGAGGATTCAA","C765T,C1346T",1,"BC_GGCTTGGAGGATTCAA","HSC_B7"
549,"BC_TGCTCGTGTTACCCAA","C767T",1,"BC_TGCTCGTGTTACCCAA","HSC_B7"
589,"BC_ACTCCCAGTTAGTTCG","C814T,C819T,C821T,T1040C",1,"BC_ACTCCCAGTTAGTTCG","HSC_B7"
597,"BC_ACTTCCGCACCAAAGG","C819T,C1345T",1,"BC_ACTTCCGCACCAAAGG","HSC_B7"
594,"BC_AGACTCATCTGGACCG","C819T,C821T",1,"BC_AGACTCATCTGGACCG","HSC_B7"
596,"BC_GACACGCTCTAGTTCT","C819T,C821T,C882T",2,"BC_GACACGCTCTAGTTCT","HSC_B7"
596,"BC_ACTTCCGGTTGGGATG","C819T,C821T,C882T",2,"BC_GACACGCTCTAGTTCT","HSC_B7"
587,"BC_GATTGGTAGTCCCGGT","C819T,C821T,G1101A,G1180A",1,"BC_GATTGGTAGTCCCGGT","HSC_B7"
586,"BC_CATGAGTAGCAGTACG","C819T,C821T,G1101A,G1180A,C1345A",1,"BC_CATGAGTAGCAGTACG","HSC_B7"
345,"BC_CCGTAGGAGCGCCCAT","C81A,A523C,C746T,C756T,C758T,C1345A",1,"BC_CCGTAGGAGCGCCCAT","HSC_B7"
434,"BC_TCTACCGAGGGATCAC","C821T,A1029C,C1116T,A1304C",1,"BC_TCTACCGAGGGATCAC","HSC_B7"
573,"BC_TGACGCGAGTCGAAAT","C832T,A1023G,C1121T,T1154C",1,"BC_TGACGCGAGTCGAAAT","HSC_B7"
424,"BC_TGTCCCATCACTTTGT","C832T,G1006A,G1069A",2,"BC_TCGTAGACACCAGTAT","HSC_B7"
424,"BC_TCGTAGACACCAGTAT","C832T,G1006A,G1069A",2,"BC_TCGTAGACACCAGTAT","HSC_B7"
576,"BC_TTTATGCAGGTTGTTC","C851T,G1112A",1,"BC_TTTATGCAGGTTGTTC","HSC_B7"
553,"BC_GTGGGAAGTATCGTAC","C882T",1,"BC_GTGGGAAGTATCGTAC","HSC_B7"
555,"BC_GTGACGCGTACTGAGG","C882T,A1130C",1,"BC_GTGACGCGTACTGAGG","HSC_B7"
513,"BC_CCGTTCAAGCTTTGTG","C882T,C1001T",1,"BC_CCGTTCAAGCTTTGTG","HSC_B7"
433,"BC_AATGCCAGTTATGTCG","C882T,C1115T,C1116T",1,"BC_AATGCCAGTTATGTCG","HSC_B7"
432,"BC_GTCTGTCAGGTTGCCC","C882T,C1115T,C1116T,T1220A",1,"BC_GTCTGTCAGGTTGCCC","HSC_B7"
552,"BC_AGTGTTGGTGGCGCTT","C882T,C1345T",1,"BC_AGTGTTGGTGGCGCTT","HSC_B7"
523,"BC_CGATCGGAGAACCGCA","C89T,G585A,G823A,C1346T",1,"BC_CGATCGGAGAACCGCA","HSC_B7"
291,"BC_GAGAGGTTCAAGTGGG","C8T,T102A,T266A,G404A,G406A,A431C,T511A,G766A,A783G,G1069A,T1293A,T1312C,C1346T",1,"BC_GAGAGGTTCAAGTGGG","HSC_B7"
656,"BC_TCAATTCCAGGCATGA","C943G,G1101A",1,"BC_TCAATTCCAGGCATGA","HSC_B7"
657,"BC_CTCTGGTGTGCATGAG","C943G,G1101A,C1345T",1,"BC_CTCTGGTGTGCATGAG","HSC_B7"
560,"BC_GTCTGTCGTATAGGGC","C995T,C1001T,C1115T",1,"BC_GTCTGTCGTATAGGGC","HSC_B7"
768,"BC_AGGTCTATCCACGTCT","G1069A,G1118A,C1345G",1,"BC_AGGTCTATCCACGTCT","HSC_B7"
636,"BC_TCAAGACCAATTCGTG","G1101A",10,"BC_TGTCAGAAGCGTCGAA","HSC_B7"
636,"BC_GCGGATCCAATGACCT","G1101A",10,"BC_TGTCAGAAGCGTCGAA","HSC_B7"
636,"BC_ACATTTCGTGAGACCA","G1101A",10,"BC_TGTCAGAAGCGTCGAA","HSC_B7"
636,"BC_AGGCATTTCTCGCTTG","G1101A",10,"BC_TGTCAGAAGCGTCGAA","HSC_B7"
636,"BC_TTCCGTGGTCGTATGT","G1101A",10,"BC_TGTCAGAAGCGTCGAA","HSC_B7"
636,"BC_GCCAACGTCGGTCGGT","G1101A",10,"BC_TGTCAGAAGCGTCGAA","HSC_B7"
636,"BC_ATGGTTGTCAGAGCGA","G1101A",10,"BC_TGTCAGAAGCGTCGAA","HSC_B7"
636,"BC_AGCGCTGTCGTAATGC","G1101A",10,"BC_TGTCAGAAGCGTCGAA","HSC_B7"
636,"BC_TGATGGTAGTTGGGAC","G1101A",10,"BC_TGTCAGAAGCGTCGAA","HSC_B7"
636,"BC_TGTCAGAAGCGTCGAA","G1101A",10,"BC_TGTCAGAAGCGTCGAA","HSC_B7"
641,"BC_TGGTACAGTAGTCCTA","G1101A,C1115T",1,"BC_TGGTACAGTAGTCCTA","HSC_B7"
645,"BC_TTGTTTGGTGAGGATC","G1101A,C1241T",1,"BC_TTGTTTGGTGAGGATC","HSC_B7"
663,"BC_AACCATGAGTAACAGT","G1101A,C1345A",2,"BC_AACCATGAGTAACAGT","HSC_B7"
663,"BC_AATCGACTCGTTATCT","G1101A,C1345A",2,"BC_AACCATGAGTAACAGT","HSC_B7"
652,"BC_GATCACATCGTTCCCA","G1101A,C1345T",2,"BC_GATCACATCGTTCCCA","HSC_B7"
652,"BC_ATCATTCAGAGTGAAG","G1101A,C1345T",2,"BC_GATCACATCGTTCCCA","HSC_B7"
650,"BC_GTTACCCCATGGAACG","G1101A,C1346T",1,"BC_GTTACCCCATGGAACG","HSC_B7"
665,"BC_CAACAACGTTGCTGAT","G1101A,G1125A,C1345A",1,"BC_CAACAACGTTGCTGAT","HSC_B7"
639,"BC_CTCCTCCGTAGACACG","G1101A,G1180A,C1291T",1,"BC_CTCCTCCGTAGACACG","HSC_B7"
368,"BC_GGGAAGTTCATGCTAG","G121A,T163G,C758T,C1345T",1,"BC_GGGAAGTTCATGCTAG","HSC_B7"
230,"BC_GAGACCCAGAAACCAT","G121T,C634T,C638T,C641T,G720T,G1190T",1,"BC_GAGACCCAGAAACCAT","HSC_B7"
395,"BC_AAGACAATCTTAATCC","G123A,C263T,C758T,G823A,G827A,G829A,C875T,C1345A",1,"BC_AAGACAATCTTAATCC","HSC_B7"
454,"BC_CTTGAGAAGACTAGAT","G1292A,C1345T,C1346T",1,"BC_CTTGAGAAGACTAGAT","HSC_B7"
20,"BC_CCGGTGATCCTTGGAA","G130A,C201T,G479A,C907T,A983G",1,"BC_CCGGTGATCCTTGGAA","HSC_B7"
696,"BC_CTTGAGAGTGACGTCC","G130A,G585A,G586A,C698T,C1065T,C1181T",1,"BC_CTTGAGAGTGACGTCC","HSC_B7"
563,"BC_ATCTTCATCCCGAATA","G1339A",1,"BC_ATCTTCATCCCGAATA","HSC_B7"
471,"BC_ATCCGTCCAAATGATG","G139A,G757A,G760A,G1006C",1,"BC_ATCCGTCCAAATGATG","HSC_B7"
682,"BC_CTAAGTGTCGCTTGAA","G144A,A265T,G585A,G586A,A775G,A1023G,T1080C",1,"BC_CTAAGTGTCGCTTGAA","HSC_B7"
138,"BC_GATAGAACACACCGAC","G162A,A367T,T615G,C634T,C638T,C641T,C756T,C758T,C1001T,C1067T,C1068T",1,"BC_GATAGAACACACCGAC","HSC_B7"
326,"BC_TGCAGATGTTTAAGGA","G162A,G404A,G406A,G766A,C821T,C1004T,G1125A,G1126A",1,"BC_TGCAGATGTTTAAGGA","HSC_B7"
503,"BC_TCATTGTCACCGTGGT","G165A,C407T,C1059T,G1069A,C1102T",1,"BC_TCATTGTCACCGTGGT","HSC_B7"
82,"BC_TGTCCTGTCAACTACG","G169A,C547T,C553A,C575T,C578T,C583T,G760A,G1006A,C1345A",1,"BC_TGTCCTGTCAACTACG","HSC_B7"
450,"BC_CTCAGAAGTATGGTTC","G171T,G939A",1,"BC_CTCAGAAGTATGGTTC","HSC_B7"
352,"BC_TCTGGCTGTCCATCTC","G180A,C746T,C756T,C758T,C1065T",1,"BC_TCTGGCTGTCCATCTC","HSC_B7"
275,"BC_TCATTTGAGACCAAGC","G180A,G404A,G406A,G766A,C819T,C821T,G1069A,C1345T",1,"BC_TCATTTGAGACCAAGC","HSC_B7"
242,"BC_GATGGAGAGACGGTCA","G180A,G404A,G406A,T419C,G766A,C1345A",1,"BC_GATGGAGAGACGGTCA","HSC_B7"
69,"BC_TGATGGTTCGGTGCAC","G204A,C575T,C578T,C580T,C634T,C635T,C638T,C758T",1,"BC_TGATGGTTCGGTGCAC","HSC_B7"
775,"BC_AAGAACAGTCACTAGT","G217T,C1109A,C1345A",1,"BC_AAGAACAGTCACTAGT","HSC_B7"
152,"BC_TCCTCTTAGATCACTC","G23A,C401T,C634T,C638T,C641T,C765T,C1067T,C1068T",1,"BC_TCCTCTTAGATCACTC","HSC_B7"
410,"BC_GCTTCACTCCGAACGC","G243A,A268G,C306T,C631T,G637A,G640A,C828T,G1126A,C1345A",1,"BC_GCTTCACTCCGAACGC","HSC_B7"
468,"BC_CCTCACAGTCTAGTGT","G26A,C638T,G757A,G760A,G827A,C995T,C1004T",1,"BC_CCTCACAGTCTAGTGT","HSC_B7"
469,"BC_GAATCACTCGGAACTT","G26A,T299C,C638T,G757A,G760A,G827A,C995T,C1004T",1,"BC_GAATCACTCGGAACTT","HSC_B7"
542,"BC_TACTGCCTCCACTGAA","G273A,C516T,C578T,C592T,C1345A",1,"BC_TACTGCCTCCACTGAA","HSC_B7"
717,"BC_GACCGTGTCGAGTGAG","G273A,G280A,C473T,A903G,T1220C",1,"BC_GACCGTGTCGAGTGAG","HSC_B7"
535,"BC_GATGCTAAGATGCCGA","G280A,G823A",1,"BC_GATGCTAAGATGCCGA","HSC_B7"
37,"BC_CCTCCTCCATTGCCTC","G280T,G340A,G487A,C575T,C578T,C580T,C634T,C635T,C638T,C749T,C758T,C814T,C943T,G1006A",2,"BC_CCTCCTCCATTGCCTC","HSC_B7"
37,"BC_TACTTGTGTACGTGTT","G280T,G340A,G487A,C575T,C578T,C580T,C634T,C635T,C638T,C749T,C758T,C814T,C943T,G1006A",2,"BC_CCTCCTCCATTGCCTC","HSC_B7"
11,"BC_ACCTACCAGTCTCTGA","G280T,G479A,C907T",1,"BC_ACCTACCAGTCTCTGA","HSC_B7"
10,"BC_GTATTGGTCTAGCCAA","G280T,G479A,C907T,C1345A",2,"BC_TGATGGTGTCAGTTTG","HSC_B7"
10,"BC_TGATGGTGTCAGTTTG","G280T,G479A,C907T,C1345A",2,"BC_TGATGGTGTCAGTTTG","HSC_B7"
546,"BC_ATCATTCAGTCGAATA","G283A,G348A,C767T,G886A,C1001T,C1004T",1,"BC_ATCATTCAGTCGAATA","HSC_B7"
238,"BC_CGCCAGATCCGGTTCT","G285T,C638T,G1063A,G1069A,G1084A,G1205A",1,"BC_CGCCAGATCCGGTTCT","HSC_B7"
669,"BC_TCATGAGGTACCATAC","G286A,C337T,C341T,C346T,G1101A,C1345A",1,"BC_TCATGAGGTACCATAC","HSC_B7"
85,"BC_ATTGGGTTCACGGAGA","G286A,C575T,C578T,C583T,A903G,G1006A",1,"BC_ATTGGGTTCACGGAGA","HSC_B7"
84,"BC_GTTCGCTCACCAAAGG","G286A,C575T,C578T,C583T,G1006A,C1345T",1,"BC_GTTCGCTCACCAAAGG","HSC_B7"
406,"BC_TTGCATTTCGCCCAGA","G286C,C758T",1,"BC_TTGCATTTCGCCCAGA","HSC_B7"
773,"BC_GGAACCCTCCTACTGC","G291A,A932C,C1345A",1,"BC_GGAACCCTCCTACTGC","HSC_B7"
363,"BC_CATTGCCGTGAGATAT","G32A,C278T,C758T,C1346T",1,"BC_CATTGCCGTGAGATAT","HSC_B7"
204,"BC_TGTTGGATCAGCTGTA","G340A,C634T,C638T,C641T",1,"BC_TGTTGGATCAGCTGTA","HSC_B7"
201,"BC_CAGCACGCACTGTCCT","G340A,C634T,C638T,C641T,C1345A",1,"BC_CAGCACGCACTGTCCT","HSC_B7"
225,"BC_TCGGTCTAGCGGACAT","G348A,C521T,C634T,C638T,C641T,T940C",1,"BC_TCGGTCTAGCGGACAT","HSC_B7"
547,"BC_GGGTAGATCCTACACC","G348A,C767T,G886A,C1001T,C1004T",1,"BC_GGGTAGATCCTACACC","HSC_B7"
191,"BC_TTGTTTGTCCCTCTAG","G34C,C634T,C638T,C641T,G766A,C812T,C814T,C819T,C821T",1,"BC_TTGTTTGTCCCTCTAG","HSC_B7"
297,"BC_ATCGTCCCATGTACGT","G34T,G404A,G406A,G766A,G1069A",1,"BC_ATCGTCCCATGTACGT","HSC_B7"
288,"BC_TCATATCAGAGGATGA","G3A,G404A,G406A,G760C,G766A,G1069A,C1266T,C1346T",1,"BC_TCATATCAGAGGATGA","HSC_B7"
146,"BC_AACACACGTGGTCCCA","G400A,C401T,A507C,G585A,G586A,C634T,C638T,C641T,G827A,G829A,C1001T,C1067T,C1068T,C1346T",1,"BC_AACACACGTGGTCCCA","HSC_B7"
334,"BC_GCTTTCGTCAAACCTG","G404A,G406A,A411G,G766A",1,"BC_GCTTTCGTCAAACCTG","HSC_B7"
313,"BC_CGTTCTGCAATCCTAG","G404A,G406A,A523C,G595A,G766A,C1001T",1,"BC_CGTTCTGCAATCCTAG","HSC_B7"
310,"BC_CGGAACCTCGCATTAG","G404A,G406A,A543G,G766A,A1023G",2,"BC_TATACCTGTGGGATTG","HSC_B7"
310,"BC_TATACCTGTGGGATTG","G404A,G406A,A543G,G766A,A1023G",2,"BC_TATACCTGTGGGATTG","HSC_B7"
255,"BC_AGGTCATTCCGTATGA","G404A,G406A,A713T,G766A,C1059T,C1067T",1,"BC_AGGTCATTCCGTATGA","HSC_B7"
302,"BC_AGTAACCGTAGCTGAG","G404A,G406A,C518T,G766A,C1345T",1,"BC_AGTAACCGTAGCTGAG","HSC_B7"
298,"BC_TTGCCTGCAGATGCGA","G404A,G406A,C521T,A525G,G585A,G586A,A732T,G766A,C821T",1,"BC_TTGCCTGCAGATGCGA","HSC_B7"
259,"BC_TCCTCCCTCCACGTCT","G404A,G406A,C578T,C756T,C758T,G766A,C821T",1,"BC_TCCTCCCTCCACGTCT","HSC_B7"
258,"BC_GACTCAAAGATCGGTG","G404A,G406A,C578T,C756T,C758T,G766A,C821T,T928C,C1345T",1,"BC_GACTCAAAGATCGGTG","HSC_B7"
262,"BC_TCAAGTGCAACCGTGC","G404A,G406A,C578T,G586A,G766A,C814T,C819T,C821T,C828T,G1254A,C1345A",1,"BC_TCAAGTGCAACCGTGC","HSC_B7"
263,"BC_AGACAGGCAGACCGCT","G404A,G406A,C578T,G616A,G630A,G766A,C814T,C819T,C821T,C828T,C1056T,C1059T,C1072T,C1073T,C1345T",1,"BC_AGACAGGCAGACCGCT","HSC_B7"
260,"BC_TTCTCTCAGAATTGTG","G404A,G406A,C578T,G766A,C814T,C819T,C821T,C828T,A1231C",1,"BC_TTCTCTCAGAATTGTG","HSC_B7"
264,"BC_TTCCAATGTTAAACCC","G404A,G406A,C578T,G766A,C814T,C819T,C821T,C828T,C1055T",1,"BC_TTCCAATGTTAAACCC","HSC_B7"
240,"BC_AAAGAACGTGCCGAAA","G404A,G406A,C721T,G766A,C1345A",1,"BC_AAAGAACGTGCCGAAA","HSC_B7"
331,"BC_ATGGAGGGTGTGGACA","G404A,G406A,C749A,G766A,C1261A",1,"BC_ATGGAGGGTGTGGACA","HSC_B7"
272,"BC_TGCATGAAGCCACTCG","G404A,G406A,C749T,C758T,G766A,C814T,C819T,C821T,G823A",4,"BC_TTGCCTGGTGACTCGC","HSC_B7"
272,"BC_TTGCCTGGTGACTCGC","G404A,G406A,C749T,C758T,G766A,C814T,C819T,C821T,G823A",4,"BC_TTGCCTGGTGACTCGC","HSC_B7"
272,"BC_ATGGTTGTCAGTAGGG","G404A,G406A,C749T,C758T,G766A,C814T,C819T,C821T,G823A",4,"BC_TTGCCTGGTGACTCGC","HSC_B7"
272,"BC_GAGTCATAGAGTGTGC","G404A,G406A,C749T,C758T,G766A,C814T,C819T,C821T,G823A",4,"BC_TTGCCTGGTGACTCGC","HSC_B7"
271,"BC_GGGTCTGTCTTTGCAT","G404A,G406A,C749T,C758T,G766A,C814T,C819T,C821T,G823A,A1023G",2,"BC_GGGTCTGTCTTTGCAT","HSC_B7"
271,"BC_GCAGGCTAGACCCTTA","G404A,G406A,C749T,C758T,G766A,C814T,C819T,C821T,G823A,A1023G",2,"BC_GGGTCTGTCTTTGCAT","HSC_B7"
270,"BC_GAGGCAAAGGCACTCC","G404A,G406A,C749T,G752A,C758T,G766A,C814T,C819T,C821T,G823A,A1023G",1,"BC_GAGGCAAAGGCACTCC","HSC_B7"
336,"BC_AACCTTTTCCGAAATC","G404A,G406A,C758T,A783G",1,"BC_AACCTTTTCCGAAATC","HSC_B7"
181,"BC_ATAGGCTTCCACACCT","G404A,G406A,G409A,G445A,G447A,C634T,C638T,C641T,C725T,C812T,C814T,C819T,C821T,C875G,C1109T,C1113T",1,"BC_ATAGGCTTCCACACCT","HSC_B7"
183,"BC_TGTACAGAGTTCATGC","G404A,G406A,G409A,G445A,G447A,C634T,C638T,C641T,C725T,C812T,C814T,C819T,C821T,C875G,T894G,C1109T,C1113T,C1345T",1,"BC_TGTACAGAGTTCATGC","HSC_B7"
303,"BC_GAAGGACCACATGAAA","G404A,G406A,G409A,G766A,C1345T",1,"BC_GAAGGACCACATGAAA","HSC_B7"
266,"BC_CTTGAGACAGGACTTT","G404A,G406A,G460A,G766A,C803A,C814T,C819T,C821T,C828T,C965T,C1115T,C1116T",1,"BC_CTTGAGACAGGACTTT","HSC_B7"
267,"BC_AAGTGAACATACAGCT","G404A,G406A,G460A,G766A,C814T,C819T,C821T,C828T,C1115T,C1116T",2,"BC_TAATTCCCACTTACAG","HSC_B7"
267,"BC_TAATTCCCACTTACAG","G404A,G406A,G460A,G766A,C814T,C819T,C821T,C828T,C1115T,C1116T",2,"BC_TAATTCCCACTTACAG","HSC_B7"
265,"BC_AGTTCGACACGCGTCA","G404A,G406A,G460A,G766A,C814T,C819T,C821T,C828T,C1115T,C1116T,C1345A",1,"BC_AGTTCGACACGCGTCA","HSC_B7"
273,"BC_GTTGTAGCAATAACCC","G404A,G406A,G574A,G709A,C749T,C758T,G766A,C814T,C819T,C821T,G823A",1,"BC_GTTGTAGCAATAACCC","HSC_B7"
299,"BC_TACAGGTTCCACCCTA","G404A,G406A,G585A,G586A,G766A,C1345T",1,"BC_TACAGGTTCCACCCTA","HSC_B7"
314,"BC_GGGACTCCAAGTGCAG","G404A,G406A,G595A,G766A,C1001T,C1346G",1,"BC_GGGACTCCAAGTGCAG","HSC_B7"
241,"BC_CTTCTCTCACTTGGGC","G404A,G406A,G595C,G766A,C1345A",1,"BC_CTTCTCTCACTTGGGC","HSC_B7"
289,"BC_CTGGTCTGTCCCACGA","G404A,G406A,G760C,G766A,G1069A,C1345T",1,"BC_CTGGTCTGTCCCACGA","HSC_B7"
312,"BC_CAGGGCTCAGCCATTA","G404A,G406A,G766A",6,"BC_CGCAGGTTCCCTTCCC","HSC_B7"
312,"BC_TCGGGACCAAATCGGG","G404A,G406A,G766A",6,"BC_CGCAGGTTCCCTTCCC","HSC_B7"
312,"BC_CGCAGGTTCCCTTCCC","G404A,G406A,G766A",6,"BC_CGCAGGTTCCCTTCCC","HSC_B7"
312,"BC_CACTGGGTCCATATGG","G404A,G406A,G766A",6,"BC_CGCAGGTTCCCTTCCC","HSC_B7"
312,"BC_CCAATTTAGTGCAGCA","G404A,G406A,G766A",6,"BC_CGCAGGTTCCCTTCCC","HSC_B7"
312,"BC_GCTGAATCATCTAGAC","G404A,G406A,G766A",6,"BC_CGCAGGTTCCCTTCCC","HSC_B7"
308,"BC_GTAGAAAAGCAGGGAG","G404A,G406A,G766A,A1015G,A1023G,G1180A",1,"BC_GTAGAAAAGCAGGGAG","HSC_B7"
292,"BC_CTGCCATCAGGAGGAG","G404A,G406A,G766A,A783G,G1069A,C1346T",1,"BC_CTGCCATCAGGAGGAG","HSC_B7"
325,"BC_GCATGATGTATGGGAC","G404A,G406A,G766A,A849G,G1125A,C1346T",1,"BC_GCATGATGTATGGGAC","HSC_B7"
253,"BC_GGGTTTAAGTTAGTGA","G404A,G406A,G766A,C1059T,C1067T",4,"BC_GACTCAACAGGACATG","HSC_B7"
253,"BC_GTCTTTAAGGTATAGT","G404A,G406A,G766A,C1059T,C1067T",4,"BC_GACTCAACAGGACATG","HSC_B7"
253,"BC_AGCGATTCACCTGAAT","G404A,G406A,G766A,C1059T,C1067T",4,"BC_GACTCAACAGGACATG","HSC_B7"
253,"BC_GACTCAACAGGACATG","G404A,G406A,G766A,C1059T,C1067T",4,"BC_GACTCAACAGGACATG","HSC_B7"
252,"BC_GAACACTCAGTGACCC","G404A,G406A,G766A,C1059T,C1067T,C1214T",1,"BC_GAACACTCAGTGACCC","HSC_B7"
256,"BC_ATGGGTTGTCGTTATG","G404A,G406A,G766A,C1059T,C1067T,C1341T",1,"BC_ATGGGTTGTCGTTATG","HSC_B7"
251,"BC_GGCGTCACAGGCCCTA","G404A,G406A,G766A,C1059T,C1067T,C1345T",1,"BC_GGCGTCACAGGCCCTA","HSC_B7"
254,"BC_GATAGAAAGGGTTAGC","G404A,G406A,G766A,C1059T,C1067T,C1346T",1,"BC_GATAGAAAGGGTTAGC","HSC_B7"
239,"BC_TGACTCCAGCGACATG","G404A,G406A,G766A,C1345A",3,"BC_TGACTCCAGCGACATG","HSC_B7"
239,"BC_GAAGCCCTCATCTACT","G404A,G406A,G766A,C1345A",3,"BC_TGACTCCAGCGACATG","HSC_B7"
239,"BC_CAGTTAGCATTGAAGA","G404A,G406A,G766A,C1345A",3,"BC_TGACTCCAGCGACATG","HSC_B7"
306,"BC_GAGTTTGCACTGGACC","G404A,G406A,G766A,C1345T",3,"BC_CCGCAAGCAACTCATG","HSC_B7"
306,"BC_AATGGCTAGTGGTGAC","G404A,G406A,G766A,C1345T",3,"BC_CCGCAAGCAACTCATG","HSC_B7"
306,"BC_CCGCAAGCAACTCATG","G404A,G406A,G766A,C1345T",3,"BC_CCGCAAGCAACTCATG","HSC_B7"
269,"BC_CTGGACGTCTCTCGCA","G404A,G406A,G766A,C814T,C821T,G823A,G827A,C1345A",2,"BC_ATGAGGGCATCTCATT","HSC_B7"
269,"BC_ATGAGGGCATCTCATT","G404A,G406A,G766A,C814T,C821T,G823A,G827A,C1345A",2,"BC_ATGAGGGCATCTCATT","HSC_B7"
268,"BC_TGCTCCATCCAATCTT","G404A,G406A,G766A,C814T,C821T,G823A,G827A,C1345T",1,"BC_TGCTCCATCCAATCTT","HSC_B7"
276,"BC_CAACAACAGGTTCACT","G404A,G406A,G766A,C819T,C821T",1,"BC_CAACAACAGGTTCACT","HSC_B7"
274,"BC_CTCACTGGTCGAACGA","G404A,G406A,G766A,C819T,C821T,G1069A,C1082T,C1345A",1,"BC_CTCACTGGTCGAACGA","HSC_B7"
287,"BC_AATGGCTTCGGAGTGA","G404A,G406A,G766A,C889G,G1111A",1,"BC_AATGGCTTCGGAGTGA","HSC_B7"
246,"BC_GCTTTCGAGTTTGGCT","G404A,G406A,G766A,C896T,C897T,C1059T,C1067T,C1187A",1,"BC_GCTTTCGAGTTTGGCT","HSC_B7"
294,"BC_GGTCACGGTGAGCTCC","G404A,G406A,G766A,G1069A",1,"BC_GGTCACGGTGAGCTCC","HSC_B7"
293,"BC_TCCAGAAAGATCGCTT","G404A,G406A,G766A,G1069A,C1115A,C1345A",1,"BC_TCCAGAAAGATCGCTT","HSC_B7"
295,"BC_GGGTGAACATTCTCTA","G404A,G406A,G766A,G1069A,T1154C,T1343G",1,"BC_GGGTGAACATTCTCTA","HSC_B7"
296,"BC_ATTTCTGTCTGCGAGC","G404A,G406A,G766A,G1069A,T1343G",1,"BC_ATTTCTGTCTGCGAGC","HSC_B7"
327,"BC_TCACAAGCACACAGAG","G404A,G406A,G766A,G1125A,G1126A",1,"BC_TCACAAGCACACAGAG","HSC_B7"
285,"BC_ACACAGTCAGAGGGTT","G404A,G406A,G766A,G1180A",3,"BC_TAAGCACAGTTTGGCT","HSC_B7"
285,"BC_GCCATGGCATCGATAC","G404A,G406A,G766A,G1180A",3,"BC_TAAGCACAGTTTGGCT","HSC_B7"
285,"BC_TAAGCACAGTTTGGCT","G404A,G406A,G766A,G1180A",3,"BC_TAAGCACAGTTTGGCT","HSC_B7"
280,"BC_ACTATCTCACGTTCGG","G404A,G406A,G766A,G1180A,A1231C,C1346G",1,"BC_ACTATCTCACGTTCGG","HSC_B7"
278,"BC_ATCGATGCACCTGTCT","G404A,G406A,G766A,G1180A,C1345A",1,"BC_ATCGATGCACCTGTCT","HSC_B7"
279,"BC_ATTCCCGGTTCGGCTG","G404A,G406A,G766A,G1180A,C1345T",1,"BC_ATTCCCGGTTCGGCTG","HSC_B7"
281,"BC_TCAATTCTCATCCTGC","G404A,G406A,G766A,G1180A,C1346G",2,"BC_GGAATCTAGCGGGTTA","HSC_B7"
281,"BC_GGAATCTAGCGGGTTA","G404A,G406A,G766A,G1180A,C1346G",2,"BC_GGAATCTAGCGGGTTA","HSC_B7"
244,"BC_GGAACCCAGCACTCTA","G404A,G406A,G766A,G1280A,C1345A",1,"BC_GGAACCCAGCACTCTA","HSC_B7"
249,"BC_CAATTTCCATCAACCA","G404A,G406A,G766A,G798A,C1059T,C1067T,C1345T",1,"BC_CAATTTCCATCAACCA","HSC_B7"
329,"BC_CCCTCAACATGAGTAA","G404A,G406A,G766A,G823A,G829A,G886A",1,"BC_CCCTCAACATGAGTAA","HSC_B7"
301,"BC_AGCCACGCAGGACATG","G404A,G406A,G766A,G841A",1,"BC_AGCCACGCAGGACATG","HSC_B7"
332,"BC_GTCAAACAGTCATAGA","G404A,G406A,G766A,G890A,G939A",1,"BC_GTCAAACAGTCATAGA","HSC_B7"
330,"BC_CCACACTGTAGACAAT","G404A,G406A,G766A,G987A,G988A",1,"BC_CCACACTGTAGACAAT","HSC_B7"
305,"BC_TCATTGTGTGGGCTTC","G404A,G406A,G766A,T1199C,C1345T",1,"BC_TCATTGTGTGGGCTTC","HSC_B7"
248,"BC_AAGTTCGCAGCAGTCC","G404A,G406A,T408A,T413A,T539A,G766A,C1059T,C1067T,A1232C",1,"BC_AAGTTCGCAGCAGTCC","HSC_B7"
319,"BC_GTAGAGGAGGCCTGAA","G404A,G406A,T455G,T708G,G766A,T834G,T1007G,G1101A,T1194G,T1200G,T1243G,T1299G",1,"BC_GTAGAGGAGGCCTGAA","HSC_B7"
282,"BC_CTCAACCAGTCGCTAT","G404A,G406A,T680A,G766A,C1116T,G1180A",1,"BC_CTCAACCAGTCGCTAT","HSC_B7"
311,"BC_ATCTCTAAGTGGACGT","G404A,G406A,T705G,G766A,A966G,A1023G,T1151G,T1242G",1,"BC_ATCTCTAAGTGGACGT","HSC_B7"
309,"BC_CTATCTATCCTTCACG","G404A,G406A,T735A,G766A,A1015G,G1258A",1,"BC_CTATCTATCCTTCACG","HSC_B7"
585,"BC_CAACGATGTGACTCGC","G406A,A423G,C575T,C819T,C821T,C1109T,C1113T,C1115T,C1116T,C1345T",1,"BC_CAACGATGTGACTCGC","HSC_B7"
339,"BC_TGGTAGTCATTAGGAA","G406A,A663G,T735A,T773A,A783G",1,"BC_TGGTAGTCATTAGGAA","HSC_B7"
87,"BC_CAGTTAGTCAAGATAG","G406A,C575T,C578T,C583T,G1006A,T1127A",1,"BC_CAGTTAGTCAAGATAG","HSC_B7"
89,"BC_CTGATCCCAACAGCTT","G406A,C575T,C578T,C583T,G585A,C814T,C828T,G1006A",2,"BC_TCATGAGCAGAGTTCT","HSC_B7"
89,"BC_TCATGAGCAGAGTTCT","G406A,C575T,C578T,C583T,G585A,C814T,C828T,G1006A",2,"BC_TCATGAGCAGAGTTCT","HSC_B7"
88,"BC_TGCTTGCTCGACATAC","G406A,C575T,C578T,C583T,G585A,C814T,C828T,G1006A,C1345A",1,"BC_TGCTTGCTCGACATAC","HSC_B7"
338,"BC_AGTGATCTCTCTCTTC","G406A,C758T,C1345T",1,"BC_AGTGATCTCTCTCTTC","HSC_B7"
337,"BC_ACAGAAAGTCGTTGGC","G406A,C758T,T1160G",1,"BC_ACAGAAAGTCGTTGGC","HSC_B7"
428,"BC_CTAGACATCGGCACTG","G406A,C832T,G844A,G1006A",1,"BC_CTAGACATCGGCACTG","HSC_B7"
711,"BC_AACACACGTGAGAGGG","G409A,C473T,C821T,A1232C,C1345A",1,"BC_AACACACGTGAGAGGG","HSC_B7"
157,"BC_TCTTTGATCCATGCAA","G409A,C578T,C580T,C631T,C634T,C635T,C638T,C641T,C765T,G823A,G829A,C1067T,C1068T",1,"BC_TCTTTGATCCATGCAA","HSC_B7"
557,"BC_TCATACTGTGAGAACC","G40A,C461T,C803T,A847C,C882T,A1089C,A1231C,A1340C,A1342C",1,"BC_TCATACTGTGAGAACC","HSC_B7"
247,"BC_TTACGCCAGTTCCGGC","G40A,G404A,G406A,G766A,C1059T,C1067T",1,"BC_TTACGCCAGTTCCGGC","HSC_B7"
739,"BC_TACCTCGGTCCTGAAT","G420A,C516T,C518T,C698T,C700T,C710T,C758T,G766A,C821T,G1126A",1,"BC_TACCTCGGTCCTGAAT","HSC_B7"
180,"BC_GATTCGAAGTCATGAA","G454T,C634T,C638T,C641T,G1106T,G1305T,C1346T",1,"BC_GATTCGAAGTCATGAA","HSC_B7"
525,"BC_ATGATCGCAATCTAGC","G457A,G540A,G585A,G595A,G599A,G600A,C731T,G766A",1,"BC_ATGATCGCAATCTAGC","HSC_B7"
524,"BC_TACCTCGTCATGACAC","G457A,G585A,G595A,G599A,G600A,G823A,G827A,G829A,G1186A,C1346T",1,"BC_TACCTCGTCATGACAC","HSC_B7"
173,"BC_AACCACAAGCAATTCC","G457T,C590T,C634T,C638T,C641T,G891T,G925T,C1001T,G1119A,G1152A",1,"BC_AACCACAAGCAATTCC","HSC_B7"
387,"BC_CGCCAGACAATGTGGG","G460A,C467T,G703A,C758T,C765T,G1006A",1,"BC_CGCCAGACAATGTGGG","HSC_B7"
388,"BC_ACAGAAACATCGCTGG","G460A,C467T,G703A,C758T,C765T,G1006A,C1345T,C1346T",1,"BC_ACAGAAACATCGCTGG","HSC_B7"
7,"BC_TCTATACTCTAACGCA","G479A,C744T,C907T,A1035G,C1345T",1,"BC_TCTATACTCTAACGCA","HSC_B7"
18,"BC_AGTCAACTCGAAACAA","G479A,C907T",3,"BC_AGTCAACTCGAAACAA","HSC_B7"
18,"BC_AGCGCCAAGATTCGAA","G479A,C907T",3,"BC_AGTCAACTCGAAACAA","HSC_B7"
18,"BC_CGGGTCAGTGGGTTGA","G479A,C907T",3,"BC_AGTCAACTCGAAACAA","HSC_B7"
15,"BC_TTCTAACTCGAGTCCG","G479A,C907T,C1121T",1,"BC_TTCTAACTCGAGTCCG","HSC_B7"
17,"BC_TCGACGGGTCTCACAA","G479A,C907T,C1121T,C1345A",1,"BC_TCGACGGGTCTCACAA","HSC_B7"
16,"BC_CCAATGAAGGCAGGGA","G479A,C907T,C1121T,C1345T",1,"BC_CCAATGAAGGCAGGGA","HSC_B7"
4,"BC_ATCGATGGTTCCCACT","G479A,C907T,C1345A",3,"BC_ATTCAGGAGAATCTAG","HSC_B7"
4,"BC_ATTCAGGAGAATCTAG","G479A,C907T,C1345A",3,"BC_ATTCAGGAGAATCTAG","HSC_B7"
4,"BC_AGGAGGTTCTGTAACG","G479A,C907T,C1345A",3,"BC_ATTCAGGAGAATCTAG","HSC_B7"
6,"BC_CCTCAGTAGTTCCTGA","G479A,C907T,C1345T",4,"BC_CTCCAACAGACATCAA","HSC_B7"
6,"BC_CTCCAACAGACATCAA","G479A,C907T,C1345T",4,"BC_CTCCAACAGACATCAA","HSC_B7"
6,"BC_GCTTTCGCACTAAACC","G479A,C907T,C1345T",4,"BC_CTCCAACAGACATCAA","HSC_B7"
6,"BC_TAGACCACAGATGCGA","G479A,C907T,C1345T",4,"BC_CTCCAACAGACATCAA","HSC_B7"
3,"BC_AACGAAACATGACTTG","G479A,C907T,C995T,C1345A",1,"BC_AACGAAACATGACTTG","HSC_B7"
19,"BC_AGGATCTTCTGCGAGC","G479A,C907T,G926A",1,"BC_AGGATCTTCTGCGAGC","HSC_B7"
2,"BC_AGGTCATCAATAGTAG","G479A,C907T,T1014C",1,"BC_AGGTCATCAATAGTAG","HSC_B7"
9,"BC_CCGCAAGCACCCTAGG","G479A,G730A,C907T,C1345T",1,"BC_CCGCAAGCACCCTAGG","HSC_B7"
5,"BC_CGTGCTTCAGCCTATA","G479A,G796T,C907T,C1345A",1,"BC_CGTGCTTCAGCCTATA","HSC_B7"
8,"BC_GCCCAGAAGCAACTTC","G479A,T899G,C907T,G1095T,C1345T,C1346T",1,"BC_GCCCAGAAGCAACTTC","HSC_B7"
115,"BC_ACTGATGGTGCTCCGA","G487A,C634T,C638T,C641T,C828T,G1125A,C1346T",1,"BC_ACTGATGGTGCTCCGA","HSC_B7"
197,"BC_TCTCAGCAGCTAATCC","G48A,C634T,C638T,C641T,G829A",1,"BC_TCTCAGCAGCTAATCC","HSC_B7"
661,"BC_CCTACGTCAACAGTGG","G520A,C547T,C553A,C1059G,G1101A,C1191G,C1345A",1,"BC_CCTACGTCAACAGTGG","HSC_B7"
667,"BC_ACCAACAAGGACTGGT","G574A,G1101A,G1125A",1,"BC_ACCAACAAGGACTGGT","HSC_B7"
212,"BC_ACTATTCTCAAGGACG","G577A,C634T,C638T,C641T,G823A,C1345T",1,"BC_ACTATTCTCAAGGACG","HSC_B7"
672,"BC_CTAACCCGTGATGGCA","G577A,G585A,G586A,G595A,G610A,C700T,G752A",1,"BC_CTAACCCGTGATGGCA","HSC_B7"
671,"BC_TTAGTCTTCATGACAC","G577A,G585A,G586A,G595A,G610A,G752A",2,"BC_TTAGTCTTCATGACAC","HSC_B7"
671,"BC_CAACAGTTCCAGCTCT","G577A,G585A,G586A,G595A,G610A,G752A",2,"BC_TTAGTCTTCATGACAC","HSC_B7"
675,"BC_TGCAGATAGGTCACCC","G577A,G585A,G586A,G595A,G610A,G752A,A1120T,C1345A",1,"BC_TGCAGATAGGTCACCC","HSC_B7"
673,"BC_GTCCACTGTTTGTTGG","G577A,G585A,G586A,G595A,G610A,G752A,C1181T",1,"BC_GTCCACTGTTTGTTGG","HSC_B7"
674,"BC_TTGGGATAGCGGTATG","G577A,G585A,G586A,G595A,G610A,G752A,C1345A",2,"BC_AAGGAATAGCTGCCAC","HSC_B7"
674,"BC_AAGGAATAGCTGCCAC","G577A,G585A,G586A,G595A,G610A,G752A,C1345A",2,"BC_AAGGAATAGCTGCCAC","HSC_B7"
670,"BC_CTGTGAACACTGCTTC","G577A,G585A,G586A,G595A,G610A,T739C,G752A,C1345T",1,"BC_CTGTGAACACTGCTTC","HSC_B7"
676,"BC_GTGATGTGTATGCGTT","G577A,G610C,G752A,C1345A",2,"BC_GAGCTGCAGTGCGCTC","HSC_B7"
676,"BC_GAGCTGCAGTGCGCTC","G577A,G610C,G752A,C1345A",2,"BC_GAGCTGCAGTGCGCTC","HSC_B7"
199,"BC_CGGAACCAGGGACCAT","G584A,G585A,C634T,C638T,C641T,C1345T",1,"BC_CGGAACCAGGGACCAT","HSC_B7"
200,"BC_CTAACCCAGGGACCAT","G584A,G585A,C634T,C638T,C641T,G1292A",1,"BC_CTAACCCAGGGACCAT","HSC_B7"
198,"BC_GACACGCAGTGCACAG","G584A,G585A,C634T,C638T,C641T,G1321T",1,"BC_GACACGCAGTGCACAG","HSC_B7"
528,"BC_GTCACGGCACCCGTAG","G585A,C623A,G823A,C1345A",1,"BC_GTCACGGCACCCGTAG","HSC_B7"
634,"BC_AATGACCTCTCTGCCA","G585A,C644T,G1101A",1,"BC_AATGACCTCTCTGCCA","HSC_B7"
632,"BC_ATTCTACTCGTCCTCA","G585A,G1101A",1,"BC_ATTCTACTCGTCCTCA","HSC_B7"
630,"BC_TGGGAGAGTGAATTGA","G585A,G1101A,C1137A,C1346T",1,"BC_TGGGAGAGTGAATTGA","HSC_B7"
692,"BC_CGATGCGCATCCTAAG","G585A,G586A",7,"BC_AGACCCGAGATCCCGC","HSC_B7"
692,"BC_ATAGACCTCGTGGCTG","G585A,G586A",7,"BC_AGACCCGAGATCCCGC","HSC_B7"
692,"BC_AGACCCGAGATCCCGC","G585A,G586A",7,"BC_AGACCCGAGATCCCGC","HSC_B7"
692,"BC_CACTGTCGTATTGCCA","G585A,G586A",7,"BC_AGACCCGAGATCCCGC","HSC_B7"
692,"BC_AGCGTATTCGTCTACC","G585A,G586A",7,"BC_AGACCCGAGATCCCGC","HSC_B7"
692,"BC_TTGAACGTCGTTACCC","G585A,G586A",7,"BC_AGACCCGAGATCCCGC","HSC_B7"
692,"BC_GTAGTACTCAGTCACA","G585A,G586A",7,"BC_AGACCCGAGATCCCGC","HSC_B7"
680,"BC_GTGACGCCAGCACACC","G585A,G586A,A1023G,C1345T",1,"BC_GTGACGCCAGCACACC","HSC_B7"
687,"BC_TTAATCCGTATCGCGC","G585A,G586A,A903T,C1345T",1,"BC_TTAATCCGTATCGCGC","HSC_B7"
688,"BC_TGCTCCATCGACGATT","G585A,G586A,C1345A",1,"BC_TGCTCCATCGACGATT","HSC_B7"
691,"BC_GTGTAACTCGTGGGAA","G585A,G586A,C1345G,C1346T",1,"BC_GTGTAACTCGTGGGAA","HSC_B7"
684,"BC_ACGTTCCAGCCTGTGC","G585A,G586A,C1345T",3,"BC_CATGCAATCTTGGATG","HSC_B7"
684,"BC_CATGCAATCTTGGATG","G585A,G586A,C1345T",3,"BC_CATGCAATCTTGGATG","HSC_B7"
684,"BC_CAGCACGCAATCTCTT","G585A,G586A,C1345T",3,"BC_CATGCAATCTTGGATG","HSC_B7"
690,"BC_TGTGGCGGTCCCTCAT","G585A,G586A,C1346T",3,"BC_GGGTCTGAGCTTTCTT","HSC_B7"
690,"BC_GTTATGGGTACGAAAT","G585A,G586A,C1346T",3,"BC_GGGTCTGAGCTTTCTT","HSC_B7"
690,"BC_GGGTCTGAGCTTTCTT","G585A,G586A,C1346T",3,"BC_GGGTCTGAGCTTTCTT","HSC_B7"
164,"BC_GTGTGGCGTCGTACAT","G585A,G586A,C634T,C638T,C641T,G827A,A1143T,C1345T",1,"BC_GTGTGGCGTCGTACAT","HSC_B7"
165,"BC_CTTCGGTGTCGACGCT","G585A,G586A,G595A,C634T,C638T,C641T,C1001T,A1143G",1,"BC_CTTCGGTGTCGACGCT","HSC_B7"
699,"BC_GTCCCATGTGGAGAAA","G585A,G586A,G616A",1,"BC_GTCCCATGTGGAGAAA","HSC_B7"
695,"BC_TACGGTACACGGCACT","G585A,G586A,G917A,C1187T",1,"BC_TACGGTACACGGCACT","HSC_B7"
698,"BC_GTCAAGTTCCTGTACC","G585A,G586A,T1328A",1,"BC_GTCAAGTTCCTGTACC","HSC_B7"
702,"BC_TTGTGTTCACATTACG","G586A",1,"BC_TTGTGTTCACATTACG","HSC_B7"
678,"BC_GTAGTACAGGTTCATC","G586A,A633C,T1133A,C1345T",1,"BC_GTAGTACAGGTTCATC","HSC_B7"
703,"BC_CTCTCGAGTTTGACAC","G586A,C1345A",1,"BC_CTCTCGAGTTTGACAC","HSC_B7"
237,"BC_GAGTCTACATTGACTG","G586A,C638T",1,"BC_GAGTCTACATTGACTG","HSC_B7"
776,"BC_TAGACTGAGTCGCCAC","G595A,C821T,C1345A",1,"BC_TAGACTGAGTCGCCAC","HSC_B7"
532,"BC_GAAGTAATCTACGGGC","G595A,G820A,G823A,G1101A",2,"BC_TGACTCCTCCCGGTAG","HSC_B7"
532,"BC_TGACTCCTCCCGGTAG","G595A,G820A,G823A,G1101A",2,"BC_TGACTCCTCCCGGTAG","HSC_B7"
477,"BC_ATGCGATGTTCCGGTG","G610A,C638T,C641T,A663G,G757A,G760A,G762A,C765T,G766A,G900A,G976A,G1063A,G1069A,G1112A",2,"BC_CGCCAGAAGTTACTCG","HSC_B7"
477,"BC_CGCCAGAAGTTACTCG","G610A,C638T,C641T,A663G,G757A,G760A,G762A,C765T,G766A,G900A,G976A,G1063A,G1069A,G1112A",2,"BC_CGCCAGAAGTTACTCG","HSC_B7"
481,"BC_ATGACCAAGAGAGGTA","G610A,G757A,C765T,G900A,G976A,C1001T,G1069A",1,"BC_ATGACCAAGAGAGGTA","HSC_B7"
480,"BC_CTCGAGGTCATTGTTC","G610A,G757A,C765T,G900A,G976A,C1001T,G1069A,C1247T",1,"BC_CTCGAGGTCATTGTTC","HSC_B7"
593,"BC_AAGGAATTCTTGGGCG","G630A,C743T,C819T,C821G",1,"BC_AAGGAATTCTTGGGCG","HSC_B7"
592,"BC_ATCACAGCATTGCCTC","G630A,C819T,C821G,G976T",1,"BC_ATCACAGCATTGCCTC","HSC_B7"
600,"BC_CACGGGTTCAAATAGG","G637A,C828T,C1116T,C1345T",1,"BC_CACGGGTTCAAATAGG","HSC_B7"
599,"BC_CAAGGGATCTCTGGTC","G637A,G1101A,C1345A",1,"BC_CAAGGGATCTCTGGTC","HSC_B7"
598,"BC_CCGCAAGCACCCTTAC","G637A,G1101A,C1345T,C1346T",1,"BC_CCGCAAGCACCCTTAC","HSC_B7"
754,"BC_GTGTTAGCACAAAGTA","G640A,C698T,C700T,C749T,C875T,T914G,C1345A",1,"BC_GTGTTAGCACAAAGTA","HSC_B7"
778,"BC_TCAGGTACATGTCTAG","G649A,G850A,G859A,G864A,C1181T,C1345A",1,"BC_TCAGGTACATGTCTAG","HSC_B7"
453,"BC_CTGGACGCAAAGACTA","G649A,G939A,T979C",1,"BC_CTGGACGCAAAGACTA","HSC_B7"
758,"BC_ACACTGACAGCACCCA","G65A,C590T,G637A,G827A,G837A",1,"BC_ACACTGACAGCACCCA","HSC_B7"
728,"BC_ACAGGGATCAAATGCC","G65C,C473T,C1345A",1,"BC_ACAGGGATCAAATGCC","HSC_B7"
602,"BC_GGGACAAAGATGTAGT","G65C,G290A,G433T,G436A,G936T,A1183T,G1253C,C1345T",1,"BC_GGGACAAAGATGTAGT","HSC_B7"
206,"BC_GTAAGTCAGACTCTAC","G65C,T349G,C634T,C638T,C641T,G1095T,G1253C,C1345A",1,"BC_GTAAGTCAGACTCTAC","HSC_B7"
360,"BC_CATTGAGGTTTCGGCG","G676A,C758T,C819T,T839A,G918A,C1346T",1,"BC_CATTGAGGTTTCGGCG","HSC_B7"
640,"BC_GACATCACATCGAACT","G678A,G1101A,G1180A,C1346T",1,"BC_GACATCACATCGAACT","HSC_B7"
155,"BC_GTGTTCCTCATGTCAG","G68A,C631T,C634T,C635T,C638T,C641T,C765T,G823A,C1067T,C1068T,C1345T",1,"BC_GTGTTCCTCATGTCAG","HSC_B7"
321,"BC_TAAGCACAGGTCATTC","G68A,G404A,G406A,T615C,G766A,C1345T,C1346T",1,"BC_TAAGCACAGGTCATTC","HSC_B7"
565,"BC_CGAGTTAAGGTCATAA","G703A,G1190A",1,"BC_CGAGTTAAGGTCATAA","HSC_B7"
482,"BC_GTGAGGACAGTTGGTT","G757A,A817C,C1004T,G1283T,C1346T",1,"BC_GTGAGGACAGTTGGTT","HSC_B7"
437,"BC_AGGAAATCAGACAATA","G762A,G766A,A878T,C1116T",1,"BC_AGGAAATCAGACAATA","HSC_B7"
439,"BC_CAAAGAACACGGGCTT","G762A,G766A,C1116T",2,"BC_CAAAGAACACGGGCTT","HSC_B7"
439,"BC_TCACACCAGACTTCAC","G762A,G766A,C1116T",2,"BC_CAAAGAACACGGGCTT","HSC_B7"
570,"BC_CGGGTGTCACTCCGGA","G766A,A783G,G1215A",1,"BC_CGGGTGTCACTCCGGA","HSC_B7"
455,"BC_GATTTCTTCATGGATC","G766A,C1345T,C1346T",1,"BC_GATTTCTTCATGGATC","HSC_B7"
539,"BC_TAACCAGGTGGCTCTG","G823A",1,"BC_TAACCAGGTGGCTCTG","HSC_B7"
534,"BC_GGTGTCGGTGCTGCAC","G823A,C1059G",1,"BC_GGTGTCGGTGCTGCAC","HSC_B7"
533,"BC_TCTCCGAGTCTTGAAC","G823A,C1345A",1,"BC_TCTCCGAGTCTTGAAC","HSC_B7"
536,"BC_TTGCGTCTCGGCTTGG","G823A,G841A",1,"BC_TTGCGTCTCGGCTTGG","HSC_B7"
737,"BC_TCATGCCCACCTGAAT","G85A,T440C,C516T,C518T,C698T,C700T,C710T,C758T,G766A,C821T,G1126A",1,"BC_TCATGCCCACCTGAAT","HSC_B7"
509,"BC_TAACACGGTTCGATTG","G881A",1,"BC_TAACACGGTTCGATTG","HSC_B7"
664,"BC_TGCTCGTGTCTTCTAT","G886A,G1101A,C1345A",1,"BC_TGCTCGTGTCTTCTAT","HSC_B7"
638,"BC_TTGGATGCAGTATGAA","G88A,G1101A,G1180A",1,"BC_TTGGATGCAGTATGAA","HSC_B7"
261,"BC_ATATCCTTCGTGTGAT","G88A,G404A,G406A,C578T,G766A,C814T,C819T,C821T,C828T,C1346A",1,"BC_ATATCCTTCGTGTGAT","HSC_B7"
452,"BC_ATTACCTTCAGTGGGA","G939A",1,"BC_ATTACCTTCAGTGGGA","HSC_B7"
445,"BC_ATATCCTAGTCCGTCG","G939A,A993C,A1231C,A1272C",1,"BC_ATATCCTAGTCCGTCG","HSC_B7"
440,"BC_CACAGATCAAGCAATA","G939A,C1345A",2,"BC_CACAGATCAAGCAATA","HSC_B7"
440,"BC_ACTTTGTGTCCCGCAA","G939A,C1345A",2,"BC_CACAGATCAAGCAATA","HSC_B7"
442,"BC_AAGACAAAGTTACTCG","G939A,C1346T",1,"BC_AAGACAAAGTTACTCG","HSC_B7"
447,"BC_ATCGGCGGTCATTCCC","G939A,G1344C",1,"BC_ATCGGCGGTCATTCCC","HSC_B7"
304,"BC_ATCGATGCAGCAGAAC","G96A,C307T,G404A,G406A,C461T,G766A,C812T,C1345T",1,"BC_ATCGATGCAGCAGAAC","HSC_B7"
556,"BC_CATTGCCCAAGCCATT","T102A,C461T,C882T,A1023G,A1083G",1,"BC_CATTGCCCAAGCCATT","HSC_B7"
644,"BC_GATGACTAGCGAATGC","T104G,T154G,T157G,A229T,T275G,T299C,T405G,T668G,T784G,T879G,T1019G,G1101A",1,"BC_GATGACTAGCGAATGC","HSC_B7"
677,"BC_GATGAGGTCCGAGATT","T12G,A82T,A262T,T299G,T328G,T376G,G586A,T696G,A810T,T960G,T997G,T1028G,A1042T,A1237G,T1242G,C1345T",1,"BC_GATGAGGTCCGAGATT","HSC_B7"
320,"BC_GCGTGCATCCTGGGAC","T12G,G404A,G406A,T421G,G766A,C1346T",1,"BC_GCGTGCATCCTGGGAC","HSC_B7"
511,"BC_CTCATCGTCGGTCACG","T12G,T31G,T178G,T421G,C1001T,C1346T",1,"BC_CTCATCGTCGGTCACG","HSC_B7"
526,"BC_CCCTTAGAGTTTGGCT","T12G,T31G,T78G,T102G,T193G,T275G,G457A,G585A,G595A,G599A,G600A,G766A,G844T,T956G,T1009G,A1114T,T1176G,T1218G",1,"BC_CCCTTAGAGTTTGGCT","HSC_B7"
460,"BC_ATCCTATGTTCACCGG","T131C,C1346T",1,"BC_ATCCTATGTTCACCGG","HSC_B7"
38,"BC_TGCCGAGGTGTTCAGT","T141A,T178A,T533A,C575T,C578T,C580T,C634T,C635T,C638T,C758T,G1006A",1,"BC_TGCCGAGGTGTTCAGT","HSC_B7"
648,"BC_GAGGCAAAGCTCCCTT","T145G,G250C,T739G,G1101A",1,"BC_GAGGCAAAGCTCCCTT","HSC_B7"
148,"BC_TGGGCGTTCTGCTGAA","T154C,C401T,G585A,G586A,C634T,C638T,C641T,G827A,G829A,C1001T,C1067T,C1068T",1,"BC_TGGGCGTTCTGCTGAA","HSC_B7"
12,"BC_GTTACAGTCCAAAGGG","T154C,G280T,G479A,C907T,C1102T",1,"BC_GTTACAGTCCAAAGGG","HSC_B7"
457,"BC_CCTTTGGTCATTTACC","T157A,T331A,T739A,T816A,C1059T,T1090A,T1299A,C1345T,C1346T",1,"BC_CCTTTGGTCATTTACC","HSC_B7"
604,"BC_GTTGTGATCACGATAC","T175G,C1345T",1,"BC_GTTGTGATCACGATAC","HSC_B7"
646,"BC_ACAAAGAGTATTTCCT","T178G,A509T,G1101A,T1218G",1,"BC_ACAAAGAGTATTTCCT","HSC_B7"
151,"BC_GTGACGCGTGCTCCGA","T193A,C401T,C634T,C638T,C641T,C765T,C1067T,C1068T",1,"BC_GTGACGCGTGCTCCGA","HSC_B7"
520,"BC_AGCATCAGTTTATGCG","T193G,C395T,T659G,A663G,G1106A,A1143G,T1154G,T1313G",1,"BC_AGCATCAGTTTATGCG","HSC_B7"
286,"BC_ACTCTCGGTTAAACAG","T200C,G404A,G406A,G766A,G1180A",1,"BC_ACTCTCGGTTAAACAG","HSC_B7"
493,"BC_GACCTTCGTAGGCTGA","T215C,C461T,T773A,G886A,A993C,T1013A,C1059T,G1125A,G1126A",1,"BC_GACCTTCGTAGGCTGA","HSC_B7"
740,"BC_GGTTCTCCATGTGTCA","T237C,C516T,C518T,C698T,C700T,C710T,C758T,G766A,C821T,G1126A",1,"BC_GGTTCTCCATGTGTCA","HSC_B7"
126,"BC_ATTCTTGAGCGTCAAG","T266A,A310C,C401T,T459A,C634T,C638T,C641T",1,"BC_ATTCTTGAGCGTCAAG","HSC_B7"
668,"BC_CCCATTGAGTTGTAGA","T276C,T308C,C506T,G1101A,C1345A",1,"BC_CCCATTGAGTTGTAGA","HSC_B7"
184,"BC_ACCACAATCACGGAGA","T281G,G404A,G406A,G409A,G445A,G447A,C634T,C638T,C641T,T722G,C725T,C812T,C814T,C819T,C821T,C875G,T1070G,C1109T,C1113T,G1332A",1,"BC_ACCACAATCACGGAGA","HSC_B7"
497,"BC_ACAAGCTGTCAAAGCG","T28C,A633C,T986A,C1059T,G1125A,G1126A",1,"BC_ACAAGCTGTCAAAGCG","HSC_B7"
506,"BC_TCCCAGTTCCTGTAAG","T293A,G487A,G827A,G829A,G881A,G937A,G1063A,C1345A",1,"BC_TCCCAGTTCCTGTAAG","HSC_B7"
290,"BC_CTGAGGCTCTCATGGA","T293G,A329G,G404A,G406A,G766A,G1069A,T1328G",1,"BC_CTGAGGCTCTCATGGA","HSC_B7"
166,"BC_ACAACCACAGTCGCAC","T299G,C401T,T424G,T453G,T469G,T470C,A526G,G586A,C634T,C638T,C641T,C1001T,T1011G,T1178G,T1199G",1,"BC_ACAACCACAGTCGCAC","HSC_B7"
485,"BC_TTCCTTCCATACACCA","T301G,T336G,T456G,T624G,T662G,T702G,C765T,T816G,T1174G,G1283A,T1302G",1,"BC_TTCCTTCCATACACCA","HSC_B7"
685,"BC_GAAGGGTCAACCGCTG","T308A,G585A,G586A,C1345T",1,"BC_GAAGGGTCAACCGCTG","HSC_B7"
217,"BC_CTTCTCTTCAAACCTG","T30A,G32A,A75C,T102A,A115C,A312C,T372A,A618C,C634T,C638T,C641T,A799C,G837T,G856A,C875T,T904A,T1051A,T1094A,T1177A,A1228C,T1312A",1,"BC_CTTCTCTTCAAACCTG","HSC_B7"
693,"BC_TCACGGGGTCAGACTT","T30A,T237C,G585A,G586A,G640T,T1070G",1,"BC_TCACGGGGTCAGACTT","HSC_B7"
318,"BC_ACAAAGAGTATCGAGG","T31A,A50C,A115C,T163A,A265C,C395T,G404A,G406A,T504C,T519A,T691A,T739A,G766A,C821T,A1012C,A1114C",1,"BC_ACAAAGAGTATCGAGG","HSC_B7"
135,"BC_GAGGCAATCAAGAGTA","T31A,T533A,C634T,C638T,C641T,C756T,C758T,C1001T,C1067T,C1068T",1,"BC_GAGGCAATCAAGAGTA","HSC_B7"
742,"BC_CCTAACCGTAGTGGCA","T320C,C516T,C518T,C698T,C700T,C710T,C758T,G806T,C1346T",1,"BC_CCTAACCGTAGTGGCA","HSC_B7"
404,"BC_GAGCTGCGTGAAGCTG","T342G,A423G,C758T",1,"BC_GAGCTGCGTGAAGCTG","HSC_B7"
527,"BC_TGTAACGAGTCCCAAT","T351C,G585A,G823A,C1067T,C1345T",1,"BC_TGTAACGAGTCCCAAT","HSC_B7"
571,"BC_TCGGGCATCATCGGGC","T365A,C389G",2,"BC_TCGGGCATCATCGGGC","HSC_B7"
571,"BC_TCATCCGCACCCAATA","T365A,C389G",2,"BC_TCGGGCATCATCGGGC","HSC_B7"
333,"BC_TCGACCTCAGCTGAAG","T36G,T181G,T203G,G404A,G406A,G766A",1,"BC_TCGACCTCAGCTGAAG","HSC_B7"
423,"BC_ACGTCCTTCGTTATCT","T399A,G766A,G1006A,G1069A",1,"BC_ACGTCCTTCGTTATCT","HSC_B7"
609,"BC_CGGTCAGAGTCGAGGT","T408A,T419A,A609C,T670A,T697A,T986A,T1011A,T1053A,G1101A",1,"BC_CGGTCAGAGTCGAGGT","HSC_B7"
232,"BC_ATGGAGGCATCAGTGT","T413G,G460T,C634T,C638T,C641T,A933G,A1237G",1,"BC_ATGGAGGCATCAGTGT","HSC_B7"
607,"BC_CTCAAGAGTTGAGTCT","T421C,C1345T",1,"BC_CTCAAGAGTTGAGTCT","HSC_B7"
762,"BC_TGTTGGACAGCTCATA","T434G,C590T,G637A,G827A,G837A,C1345A",1,"BC_TGTTGGACAGCTCATA","HSC_B7"
233,"BC_CATCCGTAGCCAAGGT","T453A,C634T,C638T,C641T,G1276T,A1304T",1,"BC_CATCCGTAGCCAAGGT","HSC_B7"
177,"BC_CCTCATGCAGACCTGC","T456A,C634T,C638T,C641T,C1001T,C1345T,C1346T",1,"BC_CCTCATGCAGACCTGC","HSC_B7"
205,"BC_CATACAGGTCATCAGT","T456G,C634T,C638T,C641T,T782G,A1092G,C1345A",1,"BC_CATACAGGTCATCAGT","HSC_B7"
767,"BC_CTCCTCCTCGGTTGTA","T459G,T539G,A848T,T1144C,C1345A",1,"BC_CTCCTCCTCGGTTGTA","HSC_B7"
575,"BC_AGTTCCCCAGCCGTCA","T463C,G807A,G844A",1,"BC_AGTTCCCCAGCCGTCA","HSC_B7"
633,"BC_GCTACCTAGAACCGCA","T47G,G585A,C644T,G1101A,T1242G",1,"BC_GCTACCTAGAACCGCA","HSC_B7"
342,"BC_GTCATGAAGACGATAT","T515A,C575T,C578T,G595A,C634T,C746T,C756T,C758T,C1001T",1,"BC_GTCATGAAGACGATAT","HSC_B7"
766,"BC_CATGGTAAGAAACTCA","T533A,A1232T,C1345A",1,"BC_CATGGTAAGAAACTCA","HSC_B7"
694,"BC_ACGATCACAGTATACC","T533A,G585A,G586A,C1261T",1,"BC_ACGATCACAGTATACC","HSC_B7"
606,"BC_CGGAACCGTACCTAAC","T544C,C1345T",1,"BC_CGGAACCGTACCTAAC","HSC_B7"
231,"BC_GATGTTGCATAACTCG","T596G,C634T,C638T,C641T,A810T,A1232T,A1316T",1,"BC_GATGTTGCATAACTCG","HSC_B7"
584,"BC_GGTCACGCATGCTGCG","T615C,A799T,A930T,C1116A,C1345T",1,"BC_GGTCACGCATGCTGCG","HSC_B7"
499,"BC_AAAGGATTCTTCACGC","T662A,C1059T,T1122A,G1125A,G1126A,C1346G",1,"BC_AAAGGATTCTTCACGC","HSC_B7"
647,"BC_GGCTTTCCATGTGGCC","T664A,G1101A",1,"BC_GGCTTTCCATGTGGCC","HSC_B7"
358,"BC_GTAGTACTCAACACCA","T668C,C756T,C758T",1,"BC_GTAGTACTCAACACCA","HSC_B7"
117,"BC_TGAATGCCACAATCTG","T67A,C401T,C634T,C638T,C641T,C828T,C1345A",1,"BC_TGAATGCCACAATCTG","HSC_B7"
202,"BC_AGCGTATAGTCGAAGC","T67A,G340A,C634T,C638T,C641T,C1345A",1,"BC_AGCGTATAGTCGAAGC","HSC_B7"
13,"BC_AGGCTGCCAGCATTGT","T67G,T102G,T276G,T405G,T455G,T476G,G479A,T620G,T659G,T707G,T874G,C907T,T1021G,T1070G,T1154G,T1199G",1,"BC_AGGCTGCCAGCATTGT","HSC_B7"
459,"BC_GACGCTGGTACGCTAT","T680G,C1346T",1,"BC_GACGCTGGTACGCTAT","HSC_B7"
577,"BC_AACCAACGTGAGTAGC","T708C",1,"BC_AACCAACGTGAGTAGC","HSC_B7"
203,"BC_CTGAGGCTCCTACCAC","T70C,G340A,C575T,C634T,C638T,C641T,G766A,C875T",1,"BC_CTGAGGCTCCTACCAC","HSC_B7"
284,"BC_CGTAATGAGAAATTCG","T70C,G404A,G406A,A555G,G766A,A1083C,G1180A",1,"BC_CGTAATGAGAAATTCG","HSC_B7"
14,"BC_CGGGACTAGTTCACTG","T70G,T87G,T131G,T141G,T178G,T276G,T320G,T328G,T377G,T421G,T455G,T497G,T503G,T519G,T544G,T624G,T680G,G703A,T707G,T808G,T944G,T960G,T986G,C1004T,T1199G,C1345A",1,"BC_CGGGACTAGTTCACTG","HSC_B7"
366,"BC_ATGCCTCGTCCTACAA","T735G,C758T,T962G,C991T,C1345T",1,"BC_ATGCCTCGTCCTACAA","HSC_B7"
496,"BC_GAAGCCCAGTAAGGGA","T739A,C1059T,G1125A,G1126A",1,"BC_GAAGCCCAGTAAGGGA","HSC_B7"
772,"BC_ATCTCTATCCCGAGAC","T78G,G291A,T1021G,T1248G,T1328G,C1345A",1,"BC_ATCTCTATCCCGAGAC","HSC_B7"
25,"BC_GGAGCAAGTAGATTAG","T87G,T519G,C575T,C578T,C580T,C634T,C635T,C638T,T661G,C758T,G1006A,C1345A",1,"BC_GGAGCAAGTAGATTAG","HSC_B7"
562,"BC_GGGCCATCAACAAGAT","T899G,C995T",1,"BC_GGGCCATCAACAAGAT","HSC_B7"
438,"BC_TGGCGTGCAACAGTGG","T90A,G762A,G766A,C1116T,C1346G",1,"BC_TGGCGTGCAACAGTGG","HSC_B7"
170,"BC_AGGTGTTGTTCGGTAT","T90G,C634T,C638T,C641T,T702C,C1001T",1,"BC_AGGTGTTGTTCGGTAT","HSC_B7"
495,"BC_ACTATGGAGGTGCTTT","T928C,C1059T,G1125A,G1126A,C1345T",1,"BC_ACTATGGAGGTGCTTT","HSC_B7"
